trip_headsign,direction_id,route_short_name,shape_id
LINE 1 (YONGE-UNIVERSITY),0,1,600246
LINE 1 (YONGE-UNIVERSITY),1,1,600735
LINE 1 (YONGE-UNIVERSITY),1,1,600741
LINE 1 (YONGE-UNIVERSITY),1,1,600736
LINE 1 (YONGE-UNIVERSITY),1,1,600563
LINE 1 (YONGE-UNIVERSITY),1,1,600555
LINE 1 (YONGE-UNIVERSITY),1,1,600602
LINE 1 (YONGE-UNIVERSITY),1,1,600603
LINE 1 (YONGE-UNIVERSITY),1,1,600728
LINE 1 (YONGE-UNIVERSITY),1,1,600557
LINE 1 (YONGE-UNIVERSITY),1,1,600560
LINE 1 (YONGE-UNIVERSITY),1,1,600593
LINE 1 (YONGE-UNIVERSITY),1,1,600693
LINE 1 (YONGE-UNIVERSITY),1,1,600694
LINE 1 (YONGE-UNIVERSITY),1,1,600692
LINE 1 (YONGE-UNIVERSITY),1,1,600768
LINE 1 (YONGE-UNIVERSITY),1,1,600695
LINE 1 (YONGE-UNIVERSITY),1,1,600696
LINE 1 (YONGE-UNIVERSITY),1,1,600646
LINE 1 (YONGE-UNIVERSITY),1,1,600645
LINE 1 (YONGE-UNIVERSITY),1,1,600647
LINE 1 (YONGE-UNIVERSITY),1,1,600637
LINE 1 (YONGE-UNIVERSITY),1,1,600639
LINE 1 (YONGE-UNIVERSITY),1,1,600640
LINE 1 (YONGE-UNIVERSITY),1,1,600636
LINE 1 (YONGE-UNIVERSITY),1,1,600641
LINE 1 (YONGE-UNIVERSITY),1,1,600642
LINE 1 (YONGE-UNIVERSITY),1,1,600643
LINE 1 (YONGE-UNIVERSITY),1,1,600644
LINE 1 (YONGE-UNIVERSITY),1,1,600666
LINE 1 (YONGE-UNIVERSITY),1,1,600739
LINE 1 (YONGE-UNIVERSITY),1,1,600762
LINE 1 (YONGE-UNIVERSITY),1,1,600638
LINE 1 (YONGE-UNIVERSITY),1,1,600601
LINE 1 (YONGE-UNIVERSITY),1,1,600772
LINE 1 (YONGE-UNIVERSITY),0,1,600446
LINE 1 (YONGE-UNIVERSITY),0,1,600249
LINE 1 (YONGE-UNIVERSITY),0,1,600250
LINE 1 (YONGE-UNIVERSITY),0,1,600217
LINE 1 (YONGE-UNIVERSITY),0,1,600359
LINE 1 (YONGE-UNIVERSITY),0,1,600361
LINE 1 (YONGE-UNIVERSITY),0,1,600264
LINE 1 (YONGE-UNIVERSITY),0,1,600432
LINE 1 (YONGE-UNIVERSITY),0,1,600431
LINE 1 (YONGE-UNIVERSITY),0,1,600270
LINE 1 (YONGE-UNIVERSITY),0,1,600371
LINE 1 (YONGE-UNIVERSITY),0,1,600337
LINE 1 (YONGE-UNIVERSITY),0,1,600338
LINE 1 (YONGE-UNIVERSITY),0,1,600339
LINE 1 (YONGE-UNIVERSITY),0,1,600222
LINE 1 (YONGE-UNIVERSITY),0,1,600367
LINE 1 (YONGE-UNIVERSITY),0,1,600340
LINE 1 (YONGE-UNIVERSITY),0,1,600286
LINE 1 (YONGE-UNIVERSITY),0,1,600335
LINE 1 (YONGE-UNIVERSITY),0,1,600390
LINE 1 (YONGE-UNIVERSITY),0,1,600334
LINE 1 (YONGE-UNIVERSITY),0,1,600366
LINE 1 (YONGE-UNIVERSITY),0,1,600330
LINE 1 (YONGE-UNIVERSITY),0,1,600374
LINE 1 (YONGE-UNIVERSITY),0,1,600373
LINE 1 (YONGE-UNIVERSITY),0,1,600332
LINE 1 (YONGE-UNIVERSITY),0,1,600372
LINE 1 (YONGE-UNIVERSITY),0,1,600331
LINE 1 (YONGE-UNIVERSITY),0,1,600336
LINE 1 (YONGE-UNIVERSITY),0,1,600333
LINE 2 (BLOOR-DANFORTH),1,2,601462
LINE 2 (BLOOR-DANFORTH),1,2,601481
LINE 2 (BLOOR-DANFORTH),0,2,601386
LINE 2 (BLOOR-DANFORTH),0,2,601392
LINE 2 (BLOOR-DANFORTH),0,2,601391
LINE 2 (BLOOR-DANFORTH),0,2,601390
LINE 2 (BLOOR-DANFORTH),0,2,601389
LINE 2 (BLOOR-DANFORTH),0,2,601388
LINE 2 (BLOOR-DANFORTH),0,2,601383
LINE 2 (BLOOR-DANFORTH),0,2,601437
LINE 2 (BLOOR-DANFORTH),0,2,601431
LINE 2 (BLOOR-DANFORTH),0,2,601436
LINE 2 (BLOOR-DANFORTH),0,2,601435
LINE 2 (BLOOR-DANFORTH),0,2,601434
LINE 2 (BLOOR-DANFORTH),0,2,601433
LINE 2 (BLOOR-DANFORTH),0,2,601432
LINE 2 (BLOOR-DANFORTH),0,2,601430
LINE 2 (BLOOR-DANFORTH),0,2,601429
LINE 2 (BLOOR-DANFORTH),0,2,601344
LINE 2 (BLOOR-DANFORTH),1,2,601607
LINE 2 (BLOOR-DANFORTH),0,2,601415
LINE 2 (BLOOR-DANFORTH),0,2,601427
LINE 2 (BLOOR-DANFORTH),1,2,601465
LINE 2 (BLOOR-DANFORTH),1,2,601554
LINE 2 (BLOOR-DANFORTH),1,2,601454
LINE 2 (BLOOR-DANFORTH),0,2,601442
LINE 2 (BLOOR-DANFORTH),1,2,601551
LINE 2 (BLOOR-DANFORTH),1,2,601555
LINE 2 (BLOOR-DANFORTH),1,2,601553
LINE 2 (BLOOR-DANFORTH),1,2,601451
LINE 2 (BLOOR-DANFORTH),1,2,601550
LINE 2 (BLOOR-DANFORTH),1,2,601542
LINE 2 (BLOOR-DANFORTH),1,2,601604
LINE 2 (BLOOR-DANFORTH),1,2,601552
LINE 2 (BLOOR-DANFORTH),1,2,601582
LINE 2 (BLOOR-DANFORTH),1,2,601581
LINE 2 (BLOOR-DANFORTH),1,2,601580
LINE 2 (BLOOR-DANFORTH),1,2,601579
LINE 2 (BLOOR-DANFORTH),1,2,601523
LINE 2 (BLOOR-DANFORTH),1,2,601605
LINE 2 (BLOOR-DANFORTH),1,2,601455
LINE 2 (BLOOR-DANFORTH),1,2,601577
LINE 2 (BLOOR-DANFORTH),0,2,601285
LINE 3 (SCARBOROUGH),0,3,601715
LINE 3 (SCARBOROUGH),0,3,601704
LINE 3 (SCARBOROUGH),0,3,601713
LINE 3 (SCARBOROUGH),0,3,601707
LINE 3 (SCARBOROUGH),1,3,601721
LINE 3 (SCARBOROUGH),1,3,601739
LINE 3 (SCARBOROUGH),1,3,601724
LINE 4 (SHEPPARD),0,4,602096
LINE 4 (SHEPPARD),0,4,602095
LINE 4 (SHEPPARD),0,4,602094
LINE 4 (SHEPPARD),0,4,602098
LINE 4 (SHEPPARD),1,4,602099
NORTH - 5 AVENUE RD TOWARDS EGLINTON STATION,1,5,602184
SOUTH - 5A AVENUE RD TOWARDS QUEEN'S PARK ,0,5,602182
NORTH - 5 AVENUE RD TOWARDS EGLINTON STATION,1,5,602185
SOUTH - 5B AVENUE RD TOWARDS GERRARD,0,5,602183
NORTH - 6A BAY TOWARDS DUPONT,1,6,602515
NORTH - 6B BAY TOWARDS BLOOR AND DAVENPORT/YONGE,1,6,602516
SOUTH - 6 BAY TOWARDS QUEENS QUAY AND SHERBOURNE,0,6,602512
SOUTH - 6 BAY TOWARDS QUEENS QUAY AND SHERBOURNE,0,6,602511
NORTH - 6A BAY TOWARDS DUPONT,1,6,602514
NORTH - 7S BATHURST TOWARDS WILSON,1,7,602599
SOUTH - 7 BATHURST TOWARDS BATHURST STATION,0,7,602596
SOUTH - 7 BATHURST TOWARDS BATHURST STATION,0,7,602594
SOUTH - 7 BATHURST TOWARDS BATHURST STATION,0,7,602593
NORTH - 7 BATHURST TOWARDS STEELES,1,7,602600
SOUTH - 7 BATHURST TOWARDS BATHURST STATION,0,7,602595
SOUTH - 7 BATHURST TOWARDS STEELES,0,7,602597
NORTH - 7 BATHURST TOWARDS STEELES,1,7,602598
NORTH - 8 BROADVIEW TOWARDS COXWELL,0,8,602685
SOUTH - 8 BROADVIEW TOWARDS BROADVIEW STATION,1,8,602686
NORTH - 9 BELLAMY TOWARDS SCARBOROUGH CENTRE,1,9,602804
NORTH - 9 BELLAMY TOWARDS SCARBOROUGH CENTRE,1,9,602803
SOUTH - 9 BELLAMY TOWARDS WARDEN STATION,0,9,602802
EAST - 10 VAN HORNE TOWARDS VICTORIA PARK ,0,10,600774
WEST - 10 VAN HORNE TOWARDS DON MILLS STATION,1,10,600776
EAST - 10 VAN HORNE TOWARDS VICTORIA PARK ,0,10,600775
NORTH - 11C BAYVIEW TOWARDS SUNNYBROOK ,1,11,600909
NORTH - 11A BAYVIEW TOWARDS STEELES VIA SUNNYBROOK,1,11,600906
SOUTH - 11 BAYVIEW TOWARDS DAVISVILLE STATION,0,11,600902
SOUTH - 11 BAYVIEW TOWARDS DAVISVILLE STATION VIA SUNNYBROOK ,0,11,600900
WEST - 12C KINGSTON RD TOWARDS VICTORIA PARK STATION,1,12,600993
EAST - 12C KINGSTON RD TOWARDS ST CLAIR AND BARKDENE HILLS,0,12,600987
EAST - 12A KINGSTON RD TOWARDS KENNEDY STATION VIA VARIETY VILLAGE AND BRIMLEY,0,12,600983
EAST - 12C KINGSTON RD TOWARDS ST CLAIR AND BARKDENE HILLS,0,12,600982
WEST - 12C KINGSTON RD TOWARDS ST CLAIR AND BARKDENE HILLS,1,12,600994
EAST - 12A KINGSTON RD TOWARDS KENNEDY STATION VIA VARIETY VILLAGE AND BRIMLEY,0,12,600978
WEST - 12A KINGSTON RD TOWARDS VICTORIA PARK STATION VIA BRIMLEY AND VARIETY VILLAGE,1,12,600990
EAST - 12A KINGSTON RD TOWARDS KENNEDY STATION VIA VARIETY VILLAGE AND BRIMLEY,0,12,600979
EAST - 12C KINGSTON RD TOWARDS ST CLAIR AND BARKDENE HILLS,0,12,600981
EAST - 12S KINGSTON RD TOWARDS BINGHAM LOOP,0,12,600988
WEST - 12S KINGSTON RD TOWARDS BINGHAM LOOP,1,12,600989
WEST - 12C KINGSTON RD TOWARDS VICTORIA PARK STATION,1,12,600992
WEST - 14 GLENCAIRN TOWARDS CALEDONIA ,1,14,601077
EAST - 14 GLENCAIRN TOWARDS DAVISVILLE STATION,0,14,601076
WEST - 15 EVANS TOWARDS SHERWAY,0,15,601109
EAST - 15 EVANS TOWARDS ROYAL YORK STATION,1,15,601110
NORTH - 16 MCCOWAN TOWARDS SCARBOROUGH CENTRE,1,16,601115
SOUTH - 16S MCCOWAN TOWARDS DANFORTH AVE,0,16,601114
SOUTH - 16 MCCOWAN TOWARDS WARDEN STATION,0,16,601113
SOUTH - 17 BIRCHMOUNT TOWARDS WARDEN STATION,0,17,601189
SOUTH - 17 BIRCHMOUNT TOWARDS WARDEN STATION,0,17,601188
NORTH - 17C BIRCHMOUNT TOWARDS STEELES AND WARDEN,1,17,601193
NORTH - 17A BIRCHMOUNT TOWARDS HIGHWAY 7 EXTRA FARE REQUIRED NORTH OF STEELES,1,17,601195
NORTH - 17B BIRCHMOUNT TOWARDS STEELES VIA WINTERMUTE,1,17,601192
SOUTH - 17 BIRCHMOUNT TOWARDS WARDEN STATION EXTRA FARE REQUIRED NORTH OF STEELES,0,17,601187
NORTH - 17A BIRCHMOUNT TOWARDS HIGHWAY 7 EXTRA FARE REQUIRED NORTH OF STEELES,1,17,601191
WEST - 20 CLIFFSIDE TOWARDS MAIN STREET STATION,1,20,601609
EAST - 20 CLIFFSIDE TOWARDS KENNEDY STATION,0,20,601608
NORTH - 21C BRIMLEY TOWARDS STEELES AVE E VIA SCARBOROUGH CENTRE STATION,1,21,601615
NORTH - 21B BRIMLEY TOWARDS STEELES AVE E,1,21,601614
NORTH - 21A BRIMLEY TOWARDS SCARBOROUGH CENTRE STATION,1,21,601613
SOUTH - 21C BRIMLEY TOWARDS KENNEDY STATION VIA SCARBOROUGH CENTRE STATION,0,21,601612
SOUTH - 21A BRIMLEY TOWARDS KENNEDY STATION,0,21,601610
SOUTH - 21B BRIMLEY TOWARDS SCARBOROUGH CENTRE STATION,0,21,601611
SOUTH - 22B COXWELL TOWARDS QUEEN ST E,0,22,601620
NORTH - 22 COXWELL TOWARDS COXWELL STATION,1,22,601624
NORTH - 22 COXWELL TOWARDS COXWELL STATION,1,22,601622
SOUTH - 22A COXWELL TOWARDS VICTORIA PARK AVE VIA KINGSTON RD,0,22,601618
SOUTH - 23 DAWES SHORT TURN,0,23,601633
NORTH - 23 DAWES TOWARDS ST CLAIR,1,23,601635
SOUTH - 23 DAWES TOWARDS MAIN STREET STATION,0,23,601632
NORTH - 23 DAWES TOWARDS ST CLAIR,1,23,601634
SOUTH - 24B VICTORIA PARK TOWARDS VICTORIA PARK STATION VIA CONSUMERS RD,0,24,601637
SOUTH - 24E VICTORIA PARK TOWARDS VICTORIA PARK STATION,0,24,601643
SOUTH - 24 VICTORIA PARK TOWARDS DANFORTH VIA VICTORIA PARK STATION,0,24,601640
SOUTH - 24 VICTORIA PARK TOWARDS DANFORTH,0,24,601646
NORTH - 24A VICTORIA PARK TOWARDS STEELES,1,24,601660
NORTH - 24E VICTORIA PARK TOWARDS STEELES,1,24,601657
NORTH - 24B VICTORIA PARK TOWARDS DON MILLS STATION VIA CONSUMERS RD,1,24,601653
NORTH - 24A VICTORIA PARK TOWARDS STEELES,1,24,601652
NORTH - 24B VICTORIA PARK TOWARDS DON MILLS STATION VIA CONSUMERS RD,1,24,601663
SOUTH - 24 VICTORIA PARK TOWARDS VICTORIA PARK STATION,0,24,601636
NORTH - 24A VICTORIA PARK TOWARDS STEELES,1,24,601664
NORTH - 24A VICTORIA PARK TOWARDS STEELES,1,24,601659
SOUTH - 25 DON MILLS TOWARDS PAPE STATION,0,25,601669
SOUTH - 25 DON MILLS TOWARDS PAPE STATION,0,25,601670
NORTH - 25 DON MILLS TOWARDS STEELES,1,25,601673
NORTH - 25 DON MILLS TOWARDS STEELES,1,25,601674
EAST - 26 DUPONT TOWARDS ST GEORGE STATION,0,26,601680
WEST - 26 DUPONT TOWARDS JANE STATION,1,26,601681
WEST - 28 BAYVIEW SOUTH TOWARDS DAVISVILLE STATION,1,28,601683
EAST - 28 BAYVIEW SOUTH TOWARDS BRICK WORKS,0,28,601682
NORTH - 29B DUFFERIN TOWARDS TYCOS DR,1,29,601700
NORTH - 29A DUFFERIN TOWARDS WILSON STATION,1,29,601696
NORTH - 29A DUFFERIN TOWARDS WILSON STATION,1,29,601699
SOUTH - 29C DUFFERIN TOWARDS EXHIBITION (PRINCES' GATES),0,29,601693
SOUTH - 29A DUFFERIN TOWARDS EXHIBITION  (DUFFERIN GATE),0,29,601684
SOUTH - 29A DUFFERIN TOWARDS EXHIBITION  (DUFFERIN GATE),0,29,601685
SOUTH - 29A DUFFERIN TOWARDS EXHIBITION  (DUFFERIN GATE),0,29,601687
SOUTH - 29D DUFFERIN TOWARDS DUFFERIN STATION,0,29,601690
NORTH - 29B DUFFERIN TOWARDS TYCOS DR,1,29,601698
NORTH - 29A DUFFERIN TOWARDS WILSON STATION,1,29,601694
NORTH - 29B DUFFERIN TOWARDS TYCOS DR,1,29,601695
EAST - 30A LAMBTON TOWARDS HIGH PARK STATION,0,30,601742
WEST - 30 LAMBTON TOWARDS KIPLING STATION,1,30,601745
NORTH - 31 GREENWOOD TOWARDS GREENWOOD STATION,1,31,601821
SOUTH - 31A GREENWOOD TOWARDS QUEEN,0,31,601819
NORTH - 31 GREENWOOD TOWARDS GREENWOOD STATION,1,31,601822
SOUTH - 31B GREENWOOD TOWARDS EASTERN,0,31,601820
EAST - 32 EGLINTON WEST TOWARDS EGLINTON STATION,0,32,601846
EAST - 32D EGLINTON WEST TOWARDS EGLINTON WEST STATION ,0,32,601842
WEST - 32A EGLINTON WEST TOWARDS RENFORTH & SKYMARK ,1,32,601852
EAST - 32 EGLINTON WEST TOWARDS EGLINTON STATION ,0,32,601841
EAST - 32 EGLINTON WEST TOWARDS EGLINTON STATION ,0,32,601839
WEST - 32D EGLINTON WEST TOWARDS JANE & EMMETT,1,32,601857
WEST - 32C EGLINTON WEST TOWARDS JANE & LAWRENCE VIA TRETHEWEY ,1,32,601854
EAST - 32 EGLINTON WEST TOWARDS EGLINTON STATION ,0,32,601847
WEST - 32D EGLINTON WEST TOWARDS JANE & EMMETT,1,32,601855
NORTH - 33 FOREST HILL TOWARDS EGLINTON (ROSELAWN),1,33,601912
SOUTH - 33 FOREST HILL TOWARDS ST CLAIR WEST STATION,0,33,601910
EAST - 34 EGLINTON EAST TOWARDS KENNEDY STATION,0,34,601944
EAST - 34 EGLINTON EAST TOWARDS KENNEDY STATION,0,34,601945
WEST - 34 EGLINTON EAST TOWARDS EGLINTON STATION,1,34,601950
WEST - 34 EGLINTON EAST TOWARDS EGLINTON STATION,1,34,601947
SOUTH - 35 JANE TOWARDS JANE STATION,0,35,601959
SOUTH - 35 JANE TOWARDS JANE STATION EXTRA FARE REQUIRED NORTH OF STEELES,0,35,601960
SOUTH - 35A JANE TOWARDS JANE STATION,0,35,601957
SOUTH - 35 JANE TOWARDS JANE STATION EXTRA FARE REQUIRED NORTH OF STEELES,0,35,601965
SOUTH - 35 JANE TOWARDS JANE STATION,0,35,601958
SOUTH - 35B JANE TOWARDS PIONEER VILLAGE AND STEELES,0,35,601963
NORTH - 35C JANE TOWARDS STEELES,1,35,601980
NORTH - 35C JANE TOWARDS STEELES,1,35,601971
NORTH - 35A JANE TOWARDS STEELES VIA HULLMAR,1,35,601967
NORTH - 35D JANE TOWARDS LANGSTAFF RD EXTRA FARE REQUIRED NORTH OF STEELES ,1,35,601973
NORTH - 35D JANE TOWARDS LANGSTAFF RD EXTRA FARE REQUIRED NORTH OF STEELES ,1,35,601976
NORTH - 35S JANE SHORT TURN,1,35,601977
NORTH - 35D JANE TOWARDS LANGSTAFF RD EXTRA FARE REQUIRED NORTH OF STEELES ,1,35,601974
NORTH - 35A JANE TOWARDS STEELES VIA HULLMAR,1,35,601968
NORTH - 35D JANE TOWARDS LANGSTAFF RD EXTRA FARE REQUIRED NORTH OF STEELES ,1,35,601981
NORTH - 35B JANE TOWARDS PIONEER VILLAGE AND STEELES,1,35,601969
NORTH - 35D JANE TOWARDS LANGSTAFF RD EXTRA FARE REQUIRED NORTH OF STEELES ,1,35,601984
NORTH - 35D JANE TOWARDS LANGSTAFF RD EXTRA FARE REQUIRED NORTH OF STEELES ,1,35,601985
NORTH - 35D JANE TOWARDS LANGSTAFF RD EXTRA FARE REQUIRED NORTH OF STEELES ,1,35,601975
NORTH - 35S JANE SHORT TURN TOWARDS FINCH,1,35,601978
NORTH - 35C JANE TOWARDS STEELES,1,35,601972
NORTH - 35B JANE TOWARDS PIONEER VILLAGE AND STEELES,1,35,601986
NORTH - 35D JANE TOWARDS LANGSTAFF RD EXTRA FARE REQUIRED NORTH OF STEELES ,1,35,601990
NORTH - 35B JANE TOWARDS PIONEER VILLAGE AND STEELES,1,35,601970
WEST - 36B FINCH WEST TOWARDS HUMBERWOOD ,1,36,602030
WEST - 36A FINCH WEST TOWARDS HUMBERWOOD,1,36,602022
WEST - 36A FINCH WEST TOWARDS HUMBERWOOD,1,36,602021
EAST - 36 FINCH WEST TOWARDS FINCH STATION,0,36,602012
EAST - 36 FINCH WEST TOWARDS FINCH STATION,0,36,602020
EAST - 36 FINCH WEST TOWARDS FINCH STATION,0,36,602017
EAST - 36 FINCH WEST TOWARDS FINCH STATION,0,36,602015
WEST - 36S FINCH WEST SHORT TURN TOWARDS WESTON RD,1,36,602033
WEST - 36D FINCH WEST TOWARDS WESTON RD AND MILVAN,1,36,602035
WEST - 36F FINCH WEST TOWARDS WESTON RD AND MILVAN VIA FENMAR,1,36,602028
WEST - 36D FINCH WEST TOWARDS WESTON RD AND MILVAN,1,36,602024
EAST - 36 FINCH WEST TOWARDS FINCH STATION,0,36,602019
EAST - 36 FINCH WEST TOWARDS FINCH STATION,0,36,602013
NORTH - 37A ISLINGTON TOWARDS WOODBINE AND HUMBERWOOD VIA REXDALE BLVD,1,37,602049
NORTH - 37B ISLINGTON TOWARDS STEELES,1,37,602051
SOUTH - 37 ISLINGTON TOWARDS ISLINGTON STATION,0,37,602044
SOUTH - 37 ISLINGTON TOWARDS ISLINGTON STATION,0,37,602045
NORTH - 37B ISLINGTON TOWARDS STEELES,1,37,602050
WEST - 38 HIGHLAND CREEK TOWARDS SCARBOROUGH CENTRE,0,38,602054
EAST - 38A HIGHLAND CREEK TOWARDS ROUGE HILL GO STATION,1,38,602057
EAST - 39A FINCH EAST TOWARDS NEILSON,0,39,602072
EAST - 39A FINCH EAST TOWARDS NEILSON,0,39,602067
EAST - 39C FINCH EAST TOWARDS VICTORIA PARK AND GORDON BAKER,0,39,602069
EAST - 39B FINCH EAST TOWARDS OLD FINCH AND MORNINGVIEW,0,39,602068
EAST - 39S FINCH EAST SHORT TURN TOWARDS MARKHAM RD,0,39,602073
WEST - 39 FINCH EAST TOWARDS FINCH STATION,1,39,602075
WEST - 39 FINCH EAST TOWARDS FINCH STATION,1,39,602076
WEST - 39 FINCH EAST TOWARDS FINCH STATION,1,39,602077
WEST - 39 FINCH EAST TOWARDS FINCH STATION,1,39,602080
EAST - 39C FINCH EAST TOWARDS VICTORIA PARK AND GORDON BAKER,0,39,602074
EAST - 40 JUNCTION TOWARDS DUNDAS WEST STATION,0,40,602100
WEST - 40 JUNCTION TOWARDS RUNNYMEDE,1,40,602101
SOUTH - 41 KEELE TOWARDS KEELE STATION,0,41,602104
SOUTH - 41E KEELE EXPRESS TOWARDS KEELE STATION,0,41,602105
SOUTH - 41 KEELE TOWARDS KEELE STATION,0,41,602103
NORTH - 41B KEELE TOWARDS STEELES & PETROLIA VIA YORK UNIVERSITY,1,41,602109
NORTH - 41A KEELE TOWARDS YORK UNIVERSITY AND STEELES ,1,41,602108
NORTH - 41E KEELE EXPRESS TOWARDS YORK UNIVERSITY,1,41,602111
WEST - 42 CUMMER TOWARDS FINCH STATION,1,42,602120
EAST - 42C CUMMER TOWARDS VICTORIA PARK,0,42,602117
EAST - 42A CUMMER TOWARDS MIDDLEFIELD ,0,42,602115
EAST - 42 CUMMER TOWARDS VICTORIA PARK,0,42,602118
EAST - 42B CUMMER TOWARDS KENNEDY,0,42,602116
WEST - 42 CUMMER TOWARDS FINCH STATION,1,42,602121
WEST - 42 CUMMER TOWARDS FINCH STATION,1,42,602119
WEST - 42 CUMMER TOWARDS FINCH STATION,1,42,602122
WEST - 42 CUMMER TOWARDS FINCH STATION,1,42,602124
NORTH - 43A KENNEDY TOWARDS STEELES,1,43,602132
SOUTH - 43 KENNEDY TOWARDS KENNEDY STATION,0,43,602130
SOUTH - 43 KENNEDY TOWARDS KENNEDY STATION,0,43,602127
SOUTH - 43 KENNEDY TOWARDS KENNEDY STATION,0,43,602125
NORTH - 43B KENNEDY TOWARDS SCARBOROUGH CENTRE,1,43,602133
NORTH - 43A KENNEDY TOWARDS STEELES,1,43,602134
SOUTH - 44S KIPLING SOUTH TOWARDS EVANS,0,44,602137
NORTH - 44 KIPLING SOUTH TOWARDS KIPLING STATION,1,44,602140
SOUTH - 44 KIPLING SOUTH TOWARDS LAKE SHORE ,0,44,602135
NORTH - 44 KIPLING SOUTH TOWARDS KIPLING STATION,1,44,602138
SOUTH - 45 KIPLING TOWARDS KIPLING STATION,0,45,602144
SOUTH - 45 KIPLING TOWARDS KIPLING STATION,0,45,602141
NORTH - 45A KIPLING TOWARDS STEELES,1,45,602148
NORTH - 45E KIPLING EXPRESS TOWARDS STEELES,1,45,602152
NORTH - 45B KIPLING TOWARDS CARLINGVIEW VIA BELFIELD ,1,45,602150
NORTH - 45B KIPLING TOWARDS CARLINGVIEW VIA BELFIELD ,1,45,602149
NORTH - 45A KIPLING TOWARDS STEELES,1,45,602147
SOUTH - 45 KIPLING TOWARDS KIPLING STATION,0,45,602142
SOUTH - 45E KIPLING EXPRESS TOWARDS KIPLING STATION,0,45,602146
NORTH - 46 MARTIN GROVE TOWARDS STEELES,1,46,602159
NORTH - 46 MARTIN GROVE TOWARDS STEELES,1,46,602160
SOUTH - 46 MARTIN GROVE TOWARDS KIPLING STATION,0,46,602156
SOUTH - 46 MARTIN GROVE TOWARDS KIPLING STATION,0,46,602155
NORTH - 47C LANSDOWNE TOWARDS YORKDALE STATION VIA CALEDONIA AND ORFUS ,1,47,602169
NORTH - 47B LANSDOWNE TOWARDS YORKDALE STATION VIA CALEDONIA AND BRIDGELAND ,1,47,602168
NORTH - 47A LANSDOWNE TOWARDS ST CLAIR,1,47,602167
SOUTH - 47B LANSDOWNE TOWARDS QUEEN VIA BRIDGELAND AND CALEDONIA,0,47,602164
SOUTH - 47C LANSDOWNE TOWARDS QUEEN VIA ORFUS AND CALEDONIA,0,47,602166
SOUTH - 47B LANSDOWNE TOWARDS QUEEN,0,47,602162
EAST - 48 RATHBURN TOWARDS ROYAL YORK STATION,0,48,602170
WEST - 48 RATHBURN TOWARDS MILL RD,1,48,602174
EAST - 49 BLOOR TOWARDS MARKLAND WOOD ,0,49,602179
EAST - 49 BLOOR WEST TOWARDS KIPLING STATION,0,49,602178
WEST - 49 BLOOR TOWARDS MARKLAND WOOD ,1,49,602180
EAST - 50 BURNHAMTHORPE TOWARDS ISLINGTON STATION,0,50,602186
WEST - 50 BURNHAMTHORPE TOWARDS MILL ROAD,1,50,602188
SOUTH - 51 LESLIE TOWARDS EGLINTON STATION,0,51,602327
NORTH - 51 LESLIE TOWARDS STEELES,1,51,602328
WEST - 52A LAWRENCE WEST TOWARDS PEARSON AIRPORT,1,52,602412
WEST - 52A LAWRENCE WEST TOWARDS PEARSON AIRPORT,1,52,602424
WEST - 52G LAWRENCE WEST TOWARDS MARTIN GROVE,1,52,602411
EAST - 52 LAWRENCE WEST TOWARDS LAWRENCE STATION,1,52,602423
WEST - 52B LAWRENCE WEST TOWARDS WESTWOOD EXTRA FARE REQUIRED WEST OF AIRPORT,1,52,602408
WEST - 52A LAWRENCE WEST TOWARDS PEARSON AIRPORT,1,52,602407
WEST - 52B LAWRENCE WEST TOWARDS WESTWOOD EXTRA FARE REQUIRED WEST OF AIRPORT,1,52,602413
WEST - 52B LAWRENCE WEST TOWARDS WESTWOOD EXTRA FARE REQUIRED WEST OF AIRPORT,1,52,602415
WEST - 52G LAWRENCE WEST TOWARDS MARTIN GROVE,1,52,602422
WEST - 52A LAWRENCE WEST TOWARDS PEARSON AIRPORT,1,52,602414
EAST - 52 LAWRENCE WEST TOWARDS LAWRENCE STATION,0,52,602406
EAST - 52 LAWRENCE WEST TOWARDS LAWRENCE STATION,0,52,602391
EAST - 52 LAWRENCE WEST TOWARDS LAWRENCE STATION,0,52,602395
EAST - 52 LAWRENCE WEST TOWARDS LAWRENCE STATION,0,52,602392
EAST - 52G LAWRENCE WEST TOWARDS LAWRENCE WEST STATION,0,52,602397
EAST - 52 LAWRENCE WEST TOWARDS LAWRENCE STATION,0,52,602390
WEST - 52F LAWRENCE WEST TOWARDS ROYAL YORK,1,52,602410
EAST - 52 LAWRENCE WEST TOWARDS LAWRENCE STATION,0,52,602404
EAST - 52 LAWRENCE WEST TOWARDS LAWRENCE STATION,0,52,602403
WEST - 53 STEELES EAST TOWARDS FINCH STATION ,1,53,602438
WEST - 53E STEELES EAST EXPRESS TOWARDS FINCH STATION ,1,53,602444
WEST - 53E STEELES EAST EXPRESS TOWARDS FINCH STATION ,1,53,602442
WEST - 53 STEELES EAST TOWARDS FINCH STATION,1,53,602440
WEST - 53E STEELES EAST EXPRESS TOWARDS FINCH STATION ,1,53,602443
WEST - 53E STEELES EAST EXPRESS TOWARDS FINCH STATION ,1,53,602445
WEST - 53 STEELES EAST TOWARDS FINCH STATION ,1,53,602437
EAST - 53B STEELES EAST TOWARDS MARKHAM ,0,53,602428
EAST - 53B STEELES EAST TOWARDS MARKHAM ,0,53,602430
EAST - 53F STEELES EAST EXPRESS TOWARDS STAINES RD,0,53,602434
EAST - 53A STEELES EAST TOWARDS STAINES,0,53,602427
EAST - 53E STEELES EAST EXPRESS TOWARDS MARKHAM,0,53,602432
WEST - 53E STEELES EAST EXPRESS TOWARDS FINCH STATION ,1,53,602441
EAST - 53E STEELES EAST EXPRESS TOWARDS MARKHAM,0,53,602433
EAST - 53F STEELES EAST EXPRESS TOWARDS STAINES RD,0,53,602435
EAST - 53E STEELES EAST EXPRESS TOWARDS MARKHAM,0,53,602431
WEST - 54 LAWRENCE EAST TOWARDS EGLINTON STATION,1,54,602483
WEST - 54 LAWRENCE EAST TOWARDS ORTON PARK,1,54,602479
WEST - 54 LAWRENCE EAST TOWARDS EGLINTON STATION,1,54,602482
WEST - 54S LAWRENCE EAST TOWARDS ROUGE HILL GO STATION,1,54,602485
WEST - 54E LAWRENCE EAST EXPRESS TOWARDS LAWRENCE RT STATION,1,54,602473
WEST - 54 LAWRENCE EAST TOWARDS EGLINTON STATION,1,54,602468
WEST - 54 LAWRENCE EAST TOWARDS ORTON PARK,1,54,602480
WEST - 54 LAWRENCE EAST TOWARDS EGLINTON STATION,1,54,602464
WEST - 54E LAWRENCE EAST EXPRESS TOWARDS LAWRENCE RT STATION,1,54,602472
WEST - 54 LAWRENCE EAST TOWARDS EGLINTON STATION,1,54,602477
WEST - 54 LAWRENCE EAST TOWARDS EGLINTON STATION,1,54,602469
EAST - 54B LAWRENCE EAST TOWARDS ORTON PARK,0,54,602462
EAST - 54A LAWRENCE EAST TOWARDS STARSPRAY,0,54,602448
EAST - 54B LAWRENCE EAST TOWARDS ORTON PARK,0,54,602449
EAST - 54B LAWRENCE EAST TOWARDS ORTON PARK,0,54,602451
EAST - 54B LAWRENCE EAST TOWARDS ORTON PARK,0,54,602450
EAST - 54A LAWRENCE EAST TOWARDS STARSPRAY,0,54,602455
WEST - 54 LAWRENCE EAST TOWARDS EGLINTON STATION,1,54,602476
EAST - 54E LAWRENCE EAST EXPRESS TOWARDS STARSPRAY,0,54,602454
SOUTH - 55 WARREN PARK TOWARDS WARREN PARK,0,55,602487
NORTH - 55 WARREN PARK TOWARDS JANE STATION,1,55,602489
NORTH - 55 WARREN PARK TOWARDS WARREN PARK,1,55,602488
SOUTH - 55 WARREN PARK TOWARDS JANE STATION,0,55,602486
SOUTH - 56 LEASIDE TOWARDS DONLANDS STATION,0,56,602491
SOUTH - 56 LEASIDE TOWARDS DONLANDS STATION,0,56,602490
NORTH - 56B LEASIDE TOWARDS BRENTCLIFFE,1,56,602493
NORTH - 56A LEASIDE TOWARDS EGLINTON STATION,1,56,602492
NORTH - 57 MIDLAND TOWARDS STEELES,1,57,602499
NORTH - 57 MIDLAND TOWARDS STEELES,1,57,602498
SOUTH - 57 MIDLAND TOWARDS KENNEDY STATION,0,57,602494
WEST - 59B MAPLE LEAF TOWARDS WESTON RD VIA CULFORD AND BENTON AND CHURCH,1,59,602508
WEST - 59B MAPLE LEAF TOWARDS WESTON RD VIA CULFORD AND BENTON AND CHURCH,1,59,602510
WEST - 59A MAPLE LEAF TOWARDS WESTON RD VIA BENTON AND CULFORD AND GARY DR,1,59,602509
WEST - 59A MAPLE LEAF TOWARDS WESTON RD VIA BENTON AND CULFORD AND GARY DR,1,59,602506
EAST - 59 MAPLE LEAF TOWARDS LAWRENCE WEST STATION VIA CULFORD AND BENTON ,0,59,602504
EAST - 59 MAPLE LEAF TOWARDS LAWRENCE WEST STATION VIA CULFORD AND BENTON ,0,59,602503
EAST - 59 MAPLE LEAF TOWARDS LAWRENCE WEST STATION VIA CULFORD AND BENTON ,0,59,602501
EAST - 59 MAPLE LEAF TOWARDS LAWRENCE WEST STATION VIA CULFORD AND BENTON ,0,59,602502
WEST - 60S STEELES WEST TOWARDS SIGNET AND WESTON RD,1,60,602533
EAST - 60F STEELES EAST EXPRESS TOWARDS FINCH STATION,0,60,602523
WEST - 60C STEELES WEST TOWARDS YORK UNIVERSITY ,1,60,602529
WEST - 60D STEELES WEST TOWARDS HIGHWAY 27 ,1,60,602530
WEST - 60F STEELES WEST EXPRESS TOWARDS YORK UNIVERSITY,1,60,602532
WEST - 60B STEELES WEST TOWARDS MARTIN GROVE ,1,60,602528
EAST - 60 STEELES EAST TOWARDS FINCH STATION,0,60,602524
EAST - 60 STEELES EAST TOWARDS FINCH STATION,0,60,602519
EAST - 60 STEELES EAST TOWARDS FINCH STATION,0,60,602525
EAST - 60 STEELES EAST TOWARDS FINCH STATION,0,60,602520
EAST - 60 STEELES EAST TOWARDS FINCH STATION,0,60,602521
NORTH - 61 AVENUE ROAD NORTH TOWARDS HIGHWAY 401,1,61,602536
SOUTH - 61 AVENUE ROAD NORTH TOWARDS EGLINTON STATION,0,61,602535
WEST - 62 MORTIMER TOWARDS BROADVIEW STATION,1,62,602541
EAST - 62 MORTIMER TOWARDS MAIN STREET STATION,0,62,602538
EAST - 62 MORTIMER TOWARDS MAIN STREET STATION,0,62,602539
NORTH - 63S OSSINGTON TOWARDS KING,1,63,602553
NORTH - 63A OSSINGTON TOWARDS EGLINTON WEST STATION,1,63,602549
SOUTH - 63 OSSINGTON TOWARDS LIBERTY VILLAGE,0,63,602548
SOUTH - 63 OSSINGTON TOWARDS LIBERTY VILLAGE,0,63,602543
SOUTH - 63 OSSINGTON TOWARDS LIBERTY VILLAGE,0,63,602546
SOUTH - 63 OSSINGTON TOWARDS LIBERTY VILLAGE,0,63,602545
NORTH - 63A OSSINGTON TOWARDS EGLINTON WEST STATION,1,63,602551
NORTH - 63B OSSINGTON TOWARDS ST CLAIR,1,63,602552
NORTH - 64 MAIN TOWARDS EASTDALE,1,64,602557
NORTH - 64S MAIN TOWARDS MAIN STREET STATION,1,64,602560
SOUTH - 64S MAIN SHORT TURN TOWARDS MAIN STREET STATION,0,64,602555
NORTH - 64 MAIN TOWARDS EASTDALE,1,64,602558
SOUTH - 64 MAIN TOWARDS QUEEN,0,64,602554
SOUTH - 65 PARLIAMENT TOWARDS ESPLANADE,0,65,602561
NORTH - 65 PARLIAMENT TOWARDS CASTLE FRANK STATION,1,65,602562
SOUTH - 66B PRINCE EDWARD TOWARDS LAKESHORE,0,66,602564
NORTH - 66 PRINCE EDWARD TOWARDS OLD MILL STATION,1,66,602567
NORTH - 66 PRINCE EDWARD TOWARDS OLD MILL STATION,1,66,602566
SOUTH - 66A PRINCE EDWARD TOWARDS HUMBER LOOP,0,66,602563
NORTH - 67B PHARMACY TOWARDS EGLINTON,1,67,602572
SOUTH - 67 PHARMACY TOWARDS VICTORIA PARK STATION,0,67,602569
NORTH - 67 PHARMACY TOWARDS ELLESMERE,1,67,602573
NORTH - 67A PHARMACY TOWARDS ELLESMERE,1,67,602571
SOUTH - 67 PHARMACY TOWARDS VICTORIA PARK STATION,0,67,602570
SOUTH - 68 WARDEN TOWARDS WARDEN STATION,0,68,602574
SOUTH - 68 WARDEN TOWARDS WARDEN STATION EXTRA FARE REQUIRED NORTH OF STEELES,0,68,602576
NORTH - 68A WARDEN TOWARDS STEELES,1,68,602582
NORTH - 68B WARDEN TOWARDS MAJOR MACKENZIE EXTRA FARE REQUIRED NORTH OF STEELES,1,68,602583
NORTH - 68B WARDEN TOWARDS MAJOR MACKENZIE EXTRA FARE REQUIRED NORTH OF STEELES,1,68,602579
NORTH - 68A WARDEN TOWARDS STEELES,1,68,602578
NORTH - 69S WARDEN SOUTH TOWARDS WARDEN STATION,1,69,602592
NORTH - 69S WARDEN SOUTH TOWARDS DANFORTH RD,1,69,602591
SOUTH - 69B WARDEN SOUTH TOWARDS KINGSTON RD VIA BIRCHMOUNT,0,69,602587
NORTH - 69 WARDEN SOUTH TOWARDS WARDEN STATION,1,69,602589
SOUTH - 69B WARDEN SOUTH TOWARDS KINGSTON RD VIA BIRCHMOUNT,0,69,602586
SOUTH - 69A WARDEN SOUTH TOWARDS KINGSTON RD VIA WARDEN,0,69,602585
NORTH - 69 WARDEN SOUTH TOWARDS WARDEN STATION,1,69,602588
EAST - 70C O'CONNOR TOWARDS WARDEN STATION,1,70,602614
EAST - 70B O'CONNOR TOWARDS EGLINTON SQUARE,1,70,602613
WEST - 70 O'CONNOR TOWARDS COXWELL STATION,0,70,602604
WEST - 70 O'CONNOR TOWARDS COXWELL STATION,0,70,602606
EAST - 70A O'CONNOR TOWARDS EGLINTON,1,70,602612
WEST - 70 O'CONNOR TOWARDS COXWELL STATION,0,70,602602
NORTH - 71A RUNNYMEDE TOWARDS ST CLAIR AND GUNNS,1,71,602620
NORTH - 71B RUNNYMEDE TOWARDS INDUSTRY ST,1,71,602621
NORTH - 71B RUNNYMEDE TOWARDS INDUSTRY ST,1,71,602623
SOUTH - 71 RUNNYMEDE TOWARDS RUNNYMEDE STATION,0,71,602615
NORTH - 71A RUNNYMEDE TOWARDS ST CLAIR AND GUNNS,1,71,602622
SOUTH - 71 RUNNYMEDE TOWARDS RUNNYMEDE STATION,0,71,602616
SOUTH - 72B PAPE TOWARDS UNION STN VIA COMMISSIONERS AND QUEENS QUAY,0,72,602625
SOUTH - 72A PAPE TOWARDS EASTERN,0,72,602624
NORTH - 72 PAPE TOWARDS PAPE STATION VIA QUEENS QUAY AND COMMISSIONERS,1,72,602628
NORTH - 72 PAPE TOWARDS PAPE STATION,1,72,602627
NORTH - 73C ROYAL YORK TOWARDS CLAIREPORT VIA ALBION RD,1,73,602641
NORTH - 73A ROYAL YORK TOWARDS DIXON,1,73,602638
NORTH - 73B ROYAL YORK TOWARDS EGLINTON AND LA ROSE,1,73,602639
SOUTH - 73 ROYAL YORK TOWARDS ROYAL YORK STATION,0,73,602632
SOUTH - 73 ROYAL YORK TOWARDS ROYAL YORK STATION,0,73,602631
SOUTH - 73 ROYAL YORK TOWARDS ROYAL YORK STATION,0,73,602633
NORTH - 73C ROYAL YORK TOWARDS CLAIREPORT VIA ALBION RD,1,73,602640
SOUTH - 73 ROYAL YORK TOWARDS ROYAL YORK STATION,0,73,602634
SOUTH - 74 MOUNT PLEASANT TOWARDS ST CLAIR STATION,0,74,602642
NORTH - 74 MOUNT PLEASANT TOWARDS EGLINTON,1,74,602643
SOUTH - 75 SHERBOURNE TOWARDS QUEENS QUAY,0,75,602644
SOUTH - 75 SHERBOURNE TOWARDS QUEENS QUAY,0,75,602648
SOUTH - 75S SHERBOURNE TOWARDS QUEENS QUAY,0,75,602650
SOUTH - 75 SHERBOURNE TOWARDS QUEENS QUAY,0,75,602645
NORTH - 75S SHERBOURNE TOWARDS SOUTH DRIVE,1,75,602655
NORTH - 75 SHERBOURNE TOWARDS SOUTH DRIVE,1,75,602651
NORTH - 75 SHERBOURNE TOWARDS SOUTH DRIVE AND SUMMERHILL,1,75,602652
SOUTH - 76A ROYAL YORK SOUTH TOWARDS LAKE SHORE,0,76,602662
SOUTH - 76A ROYAL YORK SOUTH TOWARDS LAKE SHORE,0,76,602657
NORTH - 76 ROYAL YORK SOUTH TOWARDS ROYAL YORK STATION,1,76,602672
NORTH - 76 ROYAL YORK SOUTH TOWARDS ROYAL YORK STATION,1,76,602668
NORTH - 76S ROYAL YORK SOUTH TOWARDS EVANS,1,76,602673
NORTH - 76 ROYAL YORK SOUTH TOWARDS ROYAL YORK STATION,1,76,602667
SOUTH - 76B ROYAL YORK SOUTH TOWARDS QUEENSWAY AND GRAND AVENUE,0,76,602658
SOUTH - 76B ROYAL YORK SOUTH TOWARDS QUEENSWAY AND GRAND AVENUE,0,76,602665
SOUTH - 76B ROYAL YORK SOUTH TOWARDS QUEENSWAY AND GRAND AVENUE,0,76,602656
SOUTH - 76B ROYAL YORK SOUTH TOWARDS QUEENSWAY AND GRAND AVENUE,0,76,602659
SOUTH - 77 SWANSEA TOWARDS QUEENSWAY,0,77,602675
SOUTH - 77 SWANSEA TOWARDS QUEENSWAY,0,77,602674
NORTH - 77 SWANSEA TOWARDS RUNNYMEDE STATION,1,77,602676
NORTH - 77 SWANSEA TOWARDS RUNNYMEDE STATION,1,77,602677
EAST - 78 ST ANDREWS TOWARDS BAYVIEW,0,78,602678
WEST - 78 ST ANDREWS TOWARDS YORK MILLS STATION,1,78,602679
SOUTH - 79 SCARLETT RD TOWARDS LAWRENCE & JANE,0,79,602682
NORTH - 79A SCARLETT RD TOWARDS LAWRENCE & JANE VIA PRITCHARD/FOXWELL,1,79,602683
NORTH - 79B SCARLETT RD TOWARDS LAWRENCE & JANE VIA ST CLAIR,1,79,602684
SOUTH - 79A SCARLETT RD TOWARDS RUNNYMEDE STATION VIA FOXWELL/PRITCHARD,0,79,602680
SOUTH - 79B SCARLETT RD TOWARDS RUNNYMEDE STATION VIA ST CLAIR ,0,79,602681
EAST - 80A QUEENSWAY TOWARDS KEELE STATION VIA PARKSIDE DRIVE,0,80,602691
EAST - 80A QUEENSWAY TOWARDS KEELE STATION VIA PARKSIDE DR,0,80,602687
WEST - 80 QUEENSWAY TOWARDS SHERWAY,1,80,602695
WEST - 80 QUEENSWAY TOWARDS SHERWAY,1,80,602694
WEST - 80 QUEENSWAY TOWARDS SHERWAY,1,80,602692
EAST - 80B QUEENSWAY TOWARDS HUMBER LOOP,0,80,602689
NORTH - 81 THORNCLIFFE PARK TOWARDS THORNCLIFFE,1,81,602699
NORTH - 81 THORNCLIFFE PARK TOWARDS THORNCLIFFE,1,81,602700
NORTH - 81 THORNCLIFFE PARK TOWARDS THORNCLIFFE,1,81,602701
SOUTH - 81 THORNCLIFFE PARK TOWARDS PAPE STATION,0,81,602697
SOUTH - 81 THORNCLIFFE PARK TOWARDS THORNCLIFFE,0,81,602698
SOUTH - 81 THORNCLIFFE PARK TOWARDS PAPE STATION,0,81,602696
EAST - 82 ROSEDALE TOWARDS SUMMERHILL,1,82,602703
WEST - 82 ROSEDALE TOWARDS ROSEDALE STATION,0,82,602702
SOUTH - 83 JONES TOWARDS COMMISSIONERS,0,83,602704
NORTH - 83 JONES TOWARDS DONLANDS STATION,1,83,602705
WEST - 84C SHEPPARD WEST TOWARDS STEELES VIA ARROW RD,1,84,602719
WEST - 84A SHEPPARD WEST TOWARDS STEELES VIA ARROW RD,1,84,602722
WEST - 84B SHEPPARD WEST TOWARDS WESTON RD,1,84,602723
EAST - 84 SHEPPARD WEST TOWARDS SHEPPARD-YONGE STATION,0,84,602710
WEST - 84B SHEPPARD WEST TOWARDS WESTON RD,1,84,602718
WEST - 84D SHEPPARD WEST TOWARDS STEELES VIA OAKDALE,1,84,602720
WEST - 84 SHEPPARD WEST TOWARDS SHEPPARD-YONGE STATION,1,84,602724
WEST - 84S SHEPPARD WEST SHORT TURN TOWARDS ARROW RD,1,84,602721
EAST - 84 SHEPPARD WEST TOWARDS SHEPPARD-YONGE STATION,0,84,602708
EAST - 84 SHEPPARD WEST TOWARDS SHEPPARD-YONGE STATION,0,84,602715
EAST - 84S SHEPPARD WEST SHORT TURN TOWARDS SHEPPARD,0,84,602713
EAST - 84 SHEPPARD WEST TOWARDS SHEPPARD-YONGE STATION,0,84,602707
EAST - 84 SHEPPARD WEST TOWARDS SHEPPARD-YONGE STATION,0,84,602709
EAST - 84S SHEPPARD WEST SHORT TURN TOWARDS SHEPPARD,0,84,602717
EAST - 84S SHEPPARD WEST SHORT TURN TOWARDS SHEPPARD,0,84,602714
EAST - 85A SHEPPARD EAST TOWARDS ROUGE HILL GO STATION,0,85,602726
WEST - 85 SHEPPARD EAST TOWARDS SHEPPARD-YONGE STATION,1,85,602750
EAST - 85A SHEPPARD EAST TOWARDS DON MILLS STATION,0,85,602737
EAST - 85A SHEPPARD EAST TOWARDS ROUGE HILL GO STATION,0,85,602734
EAST - 85 SHEPPARD EAST TOWARDS MEADOWVALE,0,85,602729
WEST - 85A SHEPPARD EAST TOWARDS DON MILLS STATION,1,85,602739
WEST - 85A SHEPPARD EAST TOWARDS DON MILLS STATION,1,85,602742
WEST - 85 SHEPPARD EAST TOWARDS SHEPPARD-YONGE STATION,1,85,602748
EAST - 86C SCARBOROUGH TOWARDS SHEPPARD,0,86,602753
EAST - 86D SCARBOROUGH TOWARDS BEECHGROVE VIA LAWRENCE,0,86,602759
EAST - 86C SCARBOROUGH TOWARDS SHEPPARD,0,86,602758
EAST - 86A SCARBOROUGH TOWARDS TORONTO ZOO,0,86,602751
EAST - 86D SCARBOROUGH TOWARDS BEECHGROVE VIA LAWRENCE,0,86,602754
EAST - 86B SCARBOROUGH TOWARDS HIGHLAND CREEK,0,86,602752
WEST - 86 SCARBOROUGH TOWARDS KENNEDY STATION,1,86,602762
WEST - 86 SCARBOROUGH TOWARDS KENNEDY STATION,1,86,602763
WEST - 86 SCARBOROUGH TOWARDS KENNEDY STATION,1,86,602761
WEST - 86 SCARBOROUGH TOWARDS KENNEDY STATION,1,86,602760
WEST - 86E SCARBOROUGH EXPRESS TOWARDS KENNEDY STATION,1,86,602764
EAST - 86E SCARBOROUGH EXPRESS TOWARDS SHEPPARD,0,86,602755
WEST - 87C COSBURN TOWARDS BROADVIEW STATION,1,87,602777
EAST - 87A COSBURN TOWARDS MAIN STREET STATION VIA EAST YORK ACRES,0,87,602767
EAST - 87C COSBURN TOWARDS MAIN STREET STATION,0,87,602766
WEST - 87A COSBURN TOWARDS BROADVIEW STATION VIA EAST YORK ACRES,1,87,602773
EAST - 88 SOUTH LEASIDE TOWARDS ST CLAIR STATION,0,88,602789
EAST - 88B SOUTH LEASIDE TOWARDS THORNCLIFFE VIA WICKSTEED ,0,88,602784
EAST - 88 SOUTH LEASIDE TOWARDS ST CLAIR STATION,0,88,602788
WEST - 88 SOUTH LEASIDE TOWARDS ST CLAIR STATION,1,88,602792
WEST - 88 SOUTH LEASIDE TOWARDS ST CLAIR STATION,1,88,602790
EAST - 88A SOUTH LEASIDE TOWARDS THORNCLIFFE VIA OVERLEA,0,88,602780
WEST - 88S SOUTH LEASIDE SHORT TURN         ,1,88,602797
NORTH - 89 WESTON TOWARDS ALBION RD,1,89,602801
SOUTH - 89 WESTON TOWARDS KEELE STATION,0,89,602799
NORTH - 90B VAUGHAN TOWARDS EGLINTON,1,90,602812
SOUTH - 90 VAUGHAN TOWARDS BATHURST STATION,0,90,602808
NORTH - 90A VAUGHAN TOWARDS OAKWOOD,1,90,602810
SOUTH - 90 VAUGHAN TOWARDS BATHURST STATION,0,90,602806
NORTH - 91C WOODBINE TOWARDS YORK MILLS,1,91,602822
NORTH - 91C WOODBINE TOWARDS YORK MILLS,1,91,602821
NORTH - 91 WOODBINE TOWARDS WOODBINE STATION,1,91,602825
NORTH - 91C WOODBINE TOWARDS YORK MILLS,1,91,602824
NORTH - 91A WOODBINE TOWARDS PARKVIEW HILLS,1,91,602819
NORTH - 91B WOODBINE TOWARDS LAWRENCE,1,91,602820
NORTH - 91D WOODBINE TOWARDS YORK MILLS VIA RAILSIDE,1,91,602823
SOUTH - 91 WOODBINE TOWARDS WOODBINE STATION,0,91,602813
SOUTH - 91 WOODBINE TOWARDS WOODBINE STATION,0,91,602815
SOUTH - 91 WOODBINE TOWARDS WOODBINE STATION,0,91,602816
SOUTH - 91 WOODBINE TOWARDS WOODBINE STATION,0,91,602814
SOUTH - 91D WOODBINE TOWARDS WOODBINE STATION VIA RAILSIDE,0,91,602817
SOUTH - 92 WOODBINE SOUTH TOWARDS LAKESHORE,0,92,602826
NORTH - 92 WOODBINE SOUTH TOWARDS WOODBINE STATION,1,92,602827
EAST - 94 WELLESLEY TOWARDS CASTLE FRANK STATION,0,94,602828
EAST - 94 WELLESLEY TOWARDS CASTLE FRANK STATION,0,94,602829
WEST - 94A WELLESLEY TOWARDS OSSINGTON STATION,1,94,602830
WEST - 94B WELLESLEY TOWARDS WELLESLEY STATION,1,94,602831
EAST - 95E YORK MILLS EXPRESS TOWARDS U OF T SCARBOROUGH,0,95,602835
EAST - 95A YORK MILLS TOWARDS KINGSTON RD,0,95,602832
EAST - 95C YORK MILLS TOWARDS ELLESMERE STATION,0,95,602834
EAST - 95B YORK MILLS TOWARDS U OF T SCARBOROUGH,0,95,602833
WEST - 95E YORK MILLS EXPRESS TOWARDS YORK MILLS STATION,1,95,602843
WEST - 95 YORK MILLS TOWARDS YORK MILLS STATION,1,95,602840
WEST - 95C YORK MILLS TOWARDS YORK MILLS STATION,1,95,602842
WEST - 95 YORK MILLS TOWARDS YORK MILLS STATION,1,95,602841
EAST - 96 WILSON TOWARDS YORK MILLS STATION,0,96,602849
EAST - 96A WILSON TOWARDS YORK MILLS STATION VIA JOHN GARLAND AND KIPLING ,0,96,602850
EAST - 96 WILSON TOWARDS YORK MILLS STATION,0,96,602855
EAST - 96 WILSON TOWARDS YORK MILLS STATION,0,96,602856
WEST - 96A WILSON TOWARDS CARRIER DR VIA KIPLING AND JOHN GARLAND,1,96,602870
WEST - 96B WILSON TOWARDS HUMBERLINE & ALBION,1,96,602871
WEST - 96A WILSON TOWARDS CARRIER DR VIA KIPLING AND JOHN GARLAND,1,96,602864
WEST - 96B WILSON TOWARDS HUMBERLINE & ALBION,1,96,602865
EAST - 96A WILSON TOWARDS YORK MILLS STATION VIA JOHN GARLAND AND KIPLING ,0,96,602852
NORTH - 97C YONGE TOWARDS STEELES,1,97,602889
SOUTH - 97B YONGE TOWARDS QUEENS QUAY,0,97,602882
NORTH - 97B YONGE TOWARDS YORK MILLS STATION,1,97,602893
NORTH - 97B YONGE TOWARDS YORK MILLS STATION,1,97,602895
NORTH - 97A YONGE TOWARDS YORK MILLS STATION VIA YONGE BLVD,1,97,602885
SOUTH - 97C YONGE TOWARDS LAWRENCE STATION ,0,97,602877
SOUTH - 97B YONGE TOWARDS QUEENS QUAY,0,97,602884
SOUTH - 97 YONGE TOWARDS DAVISVILLE STATION,0,97,602873
WEST - 98B WILLOWDALE-SENLAC TOWARDS SHEPPARD-YONGE STATION VIA WILLOWDALE,1,98,602901
WEST - 98A WILLOWDALE-SENLAC TOWARDS PECKHAM VIA SENLAC,1,98,602900
WEST - 98S WILLOWDALE-SENLAC SHORT TURN,1,98,602903
WEST - 98C WILLOWDALE-SENLAC TOWARDS PECKHAM VIA SHEPPARD-YONGE STATION,1,98,602902
EAST - 98C WILLOWDALE-SENLAC TOWARDS STEELES VIA SHEPPARD-YONGE STATION,0,98,602898
EAST - 98B WILLOWDALE-SENLAC TOWARDS STEELES VIA WILLOWDALE,0,98,602897
EAST - 98A WILLOWDALE-SENLAC TOWARDS SHEPPARD-YONGE STATION VIA SENLAC,0,98,602896
EAST - 98S WILLOWDALE-SENLAC SHORT TURN,0,98,602899
SOUTH - 99 ARROW RD TOWARDS ARROW RD,0,99,602904
NORTH - 99 ARROW RD TOWARDS JANE,1,99,602905
SOUTH - 100A FLEMINGDON PARK TOWARDS BROADVIEW STATION,0,100,600777
SOUTH - 100B FLEMINGDON PARK TOWARDS BROADVIEW STATION VIA LINKWOOD ,0,100,600778
NORTH - 100C FLEMINGDON PARK TOWARDS EGLINTON STATION,1,100,600783
NORTH - 100A FLEMINGDON PARK TOWARDS DON MILLS & WYNFORD,1,100,600781
NORTH - 100B FLEMINGDON PARK TOWARDS DON MILLS & WYNFORD VIA LINKWOOD,1,100,600782
SOUTH - 100A FLEMINGDON PARK TOWARDS BROADVIEW STATION,0,100,600780
SOUTH - 100A FLEMINGDON PARK TOWARDS BROADVIEW STATION,0,100,600779
EAST - 101 DOWNSVIEW PARK TOWARDS DOWNSVIEW STATION,0,101,600784
WEST - 101 DOWNSVIEW PARK TOWARDS DOWNSVIEW PARK,1,101,600785
NORTH - 102A MARKHAM RD TOWARDS PROGRESS / CENTENNIAL COLLEGE,1,102,600794
NORTH - 102C MARKHAM RD TOWARDS STEELES VIA DYNAMIC DR,1,102,600796
NORTH - 102B MARKHAM RD TOWARDS STEELES,1,102,600795
SOUTH - 102C MARKHAM RD TOWARDS WARDEN STATION VIA DYNAMIC DR,0,102,600788
NORTH - 102D MARKHAM RD TOWARDS MAJOR MACKENZIE - EXTRA FARE REQUIRED NORTH OF STEELES,1,102,600798
SOUTH - 102 MARKHAM RD TOWARDS WARDEN STATION - EXTRA FARE REQUIRED NORTH OF STEELES,0,102,600790
SOUTH - 102 MARKHAM RD TOWARDS WARDEN STATION,0,102,600787
SOUTH - 102 MARKHAM RD TOWARDS WARDEN STATION,0,102,600786
NORTH - 102B MARKHAM RD TOWARDS STEELES,1,102,600803
NORTH - 103 MOUNT PLEASANT NORTH TOWARDS DONCLIFFE,1,103,600808
SOUTH - 103 MOUNT PLEASANT NORTH TOWARDS EGLINTON STATION,0,103,600806
SOUTH - 103 MOUNT PLEASANT NORTH TOWARDS EGLINTON STATION,0,103,600807
NORTH - 104 FAYWOOD TOWARDS DOWNSVIEW STATION,1,104,600810
SOUTH - 104 FAYWOOD TOWARDS WILSON STATION,0,104,600809
NORTH - 105C DUFFERIN NORTH TOWARDS STEELES,1,105,600820
SOUTH - 105D DUFFERIN NORTH TOWARDS WILSON STATION - EXTRA FARE REQUIRED NORTH OF STEELES,0,105,600815
SOUTH - 105 DUFFERIN NORTH TOWARDS DOWNSVIEW STATION - EXTRA FARE REQUIRED NORTH OF STEELES ,0,105,600812
SOUTH - 105 DUFFERIN NORTH TOWARDS DOWNSVIEW STATION - EXTRA FARE REQUIRED NORTH OF STEELES,0,105,600813
SOUTH - 105 DUFFERIN NORTH TOWARDS DOWNSVIEW STATION,0,105,600814
NORTH - 105A DUFFERIN NORTH TOWARDS RUTHERFORD - EXTRA FARE REQUIRED NORTH OF STEELES,1,105,600822
NORTH - 105A DUFFERIN NORTH TOWARDS RUTHERFORD - EXTRA FARE REQUIRED NORTH OF STEELES,1,105,600821
NORTH - 105B DUFFERIN NORTH TOWARDS MAJOR MACKENZIE - EXTRA FARE REQUIRED NORTH OF STEELES,1,105,600819
NORTH - 105A DUFFERIN NORTH TOWARDS RUTHERFORD - EXTRA FARE REQUIRED NORTH OF STEELES,1,105,600818
NORTH - 105B DUFFERIN NORTH TOWARDS MAJOR MACKENZIE - EXTRA FARE REQUIRED NORTH OF STEELES,1,105,600826
EAST - 106 YORK UNIVERSITY TOWARDS DOWNSVIEW STATION,0,106,600830
EAST - 106A YORK UNIVERSITY TOWARDS DOWNSVIEW STATION AND WILSON AVE,0,106,600829
WEST - 106 YORK UNIVERSITY TOWARDS YORK UNIVERSITY,1,106,600834
WEST - 106 YORK UNIVERSITY TOWARDS YORK UNIVERSITY,1,106,600833
WEST - 106 YORK UNIVERSITY TOWARDS YORK UNIVERSITY,1,106,600832
EAST - 106 YORK UNIVERSITY TOWARDS DOWNSVIEW STATION,0,106,600827
NORTH - 107C KEELE NORTH TOWARDS TESTON RD - EXTRA FARE NORTH OF STEELES,1,107,600872
SOUTH - 107C KEELE NORTH TOWARDS DOWNSVIEW STATION VIA YORK UNIVERSITY - EXTRA FARE NORTH OF STEELES,0,107,600843
SOUTH - 107B KEELE NORTH TOWARDS DOWNSVIEW STATION VIA YORK UNIVERSITY AND CHESSWOOD - EXTRA FARE NORTH OF STEELES,0,107,600839
SOUTH - 107C KEELE NORTH TOWARDS DOWNSVIEW STATION - EXTRA FARE NORTH OF STEELES,0,107,600852
SOUTH - 107A KEELE NORTH TOWARDS WILSON STATION - EXTRA FARE NORTH OF STEELES,0,107,600836
SOUTH - 107B KEELE NORTH TOWARDS DOWNSVIEW STATION VIA CHESSWOOD - EXTRA FARE NORTH OF STEELES,0,107,600837
SOUTH - 107C KEELE NORTH TOWARDS DOWNSVIEW STATION - EXTRA FARE NORTH OF STEELES,0,107,600841
NORTH - 107C KEELE NORTH TOWARDS TESTON RD - EXTRA FARE NORTH OF STEELES ,1,107,600858
NORTH - 107C KEELE NORTH TOWARDS TESTON RD - EXTRA FARE NORTH OF STEELES ,1,107,600873
NORTH - 107B KEELE NORTH TOWARDS RUTHERFORD GO STATION VIA CHESSWOOD AND YORK UNIVERSITY - EXTRA FARE NORTH OF STEELES,1,107,600856
NORTH - 107C KEELE NORTH TOWARDS TESTON RD VIA YORK UNIVERSITY - EXTRA FARE NORTH OF STEELES,1,107,600862
NORTH - 107C KEELE NORTH TOWARDS TESTON RD - EXTRA FARE NORTH OF STEELES ,1,107,600863
NORTH - 107C KEELE NORTH TOWARDS TESTON RD - EXTRA FARE NORTH OF STEELES,1,107,600870
NORTH - 107B KEELE NORTH TOWARDS RUTHERFORD GO STATION VIA CHESSWOOD - EXTRA FARE NORTH OF STEELES,1,107,600857
SOUTH - 107C KEELE NORTH TOWARDS DOWNSVIEW STATION - EXTRA FARE NORTH OF STEELES,0,107,600851
NORTH - 107C KEELE NORTH TOWARDS TESTON RD - EXTRA FARE NORTH OF STEELES,1,107,600860
NORTH - 107B KEELE NORTH TOWARDS RUTHERFORD GO STATION VIA CHESSWOOD - EXTRA FARE NORTH OF STEELES,1,107,600854
NORTH - 107B KEELE NORTH TOWARDS RUTHERFORD GO STATION VIA CHESSWOOD - EXTRA FARE NORTH OF STEELES,1,107,600853
NORTH - 107C KEELE NORTH TOWARDS TESTON RD - EXTRA FARE NORTH OF STEELES,1,107,600874
SOUTH - 107B KEELE NORTH TOWARDS DOWNSVIEW STATION VIA CHESSWOOD - EXTRA FARE NORTH OF STEELES,0,107,600840
WEST - 108A DOWNSVIEW TOWARDS JANE & DRIFTWOOD VIA GRANDRAVINE,1,108,600883
EAST - 108B DOWNSVIEW TOWARDS DOWNSVIEW STATION,0,108,600879
WEST - 108C DOWNSVIEW TOWARDS JANE & DRIFTWOOD,1,108,600885
WEST - 108C DOWNSVIEW TOWARDS JANE & DRIFTWOOD,1,108,600888
EAST - 108S DOWNSVIEW SHORT TURN,0,108,600882
EAST - 108A DOWNSVIEW TOWARDS DOWNSVIEW STATION VIA GRANDRAVINE,0,108,600878
EAST - 108C DOWNSVIEW TOWARDS WILSON STATION ,0,108,600880
WEST - 108B DOWNSVIEW TOWARDS JANE & DRIFTWOOD,1,108,600884
NORTH - 109B RANEE TOWARDS NEPTUNE VIA MARLEE AND FLEMINGTON,1,109,600897
NORTH - 109C RANEE TOWARDS NEPTUNE VIA MARLEE AND VARNA,1,109,600898
SOUTH - 109C RANEE TOWARDS EGLINTON WEST STATION  VIA VARNA AND MARLEE,0,109,600891
NORTH - 109C RANEE TOWARDS NEPTUNE VIA MARLEE AND VARNA,1,109,600896
NORTH - 109S RANEE SHORT TURN,1,109,600899
SOUTH - 109B RANEE TOWARDS EGLINTON WEST STATION  VIA FLEMINGTON AND MARLEE ,0,109,600890
SOUTH - 109C RANEE TOWARDS EGLINTON WEST STATION  VIA VARNA AND MARLEE    ,0,109,600892
SOUTH - 109S RANEE SHORT TURN TOWARDS LAWRENCE WEST STATION,0,109,600894
NORTH - 109B RANEE TOWARDS NEPTUNE VIA MARLEE AND FLEMINGTON,1,109,600895
SOUTH - 109S RANEE SHORT TURN TOWARDS LAWRENCE WEST STATION ,0,109,600889
SOUTH - 110C ISLINGTON SOUTH TOWARDS LAKE SHORE,0,110,600914
SOUTH - 110C ISLINGTON SOUTH TOWARDS LAKE SHORE,0,110,600912
SOUTH - 110A ISLINGTON SOUTH TOWARDS LONG BRANCH VIA HORNER AND BROWNS LINE,0,110,600910
SOUTH - 110B ISLINGTON SOUTH TOWARDS LONG BRANCH VIA HORNER AND 30TH STREET,0,110,600911
SOUTH - 110C ISLINGTON SOUTH TOWARDS LAKE SHORE,0,110,600913
NORTH - 110A ISLINGTON SOUTH TOWARDS ISLINGTON STATION VIA BROWNS LINE AND HORNER,1,110,600915
NORTH - 110C ISLINGTON SOUTH TOWARDS ISLINGTON STATION,1,110,600917
NORTH - 110B ISLINGTON SOUTH TOWARDS ISLINGTON STATION VIA 30TH STREET AND HORNER ,1,110,600916
NORTH - 110C ISLINGTON SOUTH TOWARDS ISLINGTON STATION,1,110,600918
NORTH - 111 EAST MALL TOWARDS EGLINTON,1,111,600921
SOUTH - 111 EAST MALL TOWARDS KIPLING STATION,0,111,600919
NORTH - 111 EAST MALL TOWARDS EGLINTON,1,111,600922
NORTH - 112 WEST MALL TOWARDS KIPLING STATION,1,112,600930
SOUTH - 112 WEST MALL TOWARDS KIPLING STATION,0,112,600926
NORTH - 112C WEST MALL TOWARDS DISCO RD,1,112,600935
NORTH - 112B WEST MALL TOWARDS EGLINTON AND SKYMARK ,1,112,600932
NORTH - 112C WEST MALL TOWARDS DISCO RD,1,112,600934
NORTH - 112C WEST MALL TOWARDS DISCO RD ,1,112,600936
SOUTH - 112 WEST MALL TOWARDS KIPLING STATION,0,112,600925
SOUTH - 112 WEST MALL TOWARDS KIPLING STATION,0,112,600924
NORTH - 112B WEST MALL TOWARDS EGLINTON AND SKYMARK ,1,112,600933
EAST - 113 DANFORTH ROAD TOWARDS KENNEDY STATION,0,113,600937
WEST - 113 DANFORTH ROAD TOWARDS MAIN STREET STATION,1,113,600938
EAST - 115 SILVER HILLS TOWARDS LESLIE,0,115,600939
WEST - 115 SILVER HILLS TOWARDS YORK MILLS STATION ,1,115,600940
WEST - 116 MORNINGSIDE TOWARDS KENNEDY/EGLINTON,1,116,600956
WEST - 116 MORNINGSIDE TOWARDS KENNEDY STATION ,1,116,600953
WEST - 116 MORNINGSIDE TOWARDS KENNEDY STATION ,1,116,600955
EAST - 116A MORNINGSIDE TOWARDS CONLINS RD VIA ELLESMERE,0,116,600946
EAST - 116A MORNINGSIDE TOWARDS CONLINS RD VIA ELLESMERE,0,116,600942
EAST - 116C MORNINGSIDE TOWARDS FINCH,0,116,600948
EAST - 116C MORNINGSIDE TOWARDS FINCH,0,116,600950
EAST - 116C MORNINGSIDE TOWARDS FINCH,0,116,600944
NORTH - 117 ALNESS TOWARDS STEELES VIA DUFFERIN,1,117,600967
NORTH - 117A ALNESS TOWARDS STEELES VIA MARTIN ROSS AND ALNESS,1,117,600965
NORTH - 117B ALNESS TOWARDS STEELES VIA FLINT RD AND ALNESS,1,117,600966
NORTH - 117B ALNESS TOWARDS STEELES VIA FLINT RD AND ALNESS,1,117,600968
NORTH - 117B ALNESS TOWARDS STEELES VIA FLINT RD AND ALNESS,1,117,600969
SOUTH - 117 ALNESS TOWARDS DOWNSVIEW STATION ,0,117,600961
SOUTH - 117C ALNESS TOWARDS DOWNVIEW STATION AND WILSON AVE,0,117,600964
SOUTH - 117 ALNESS TOWARDS WILSON ,0,117,600962
SOUTH - 117 ALNESS TOWARDS DOWNVIEW STATION ,0,117,600963
WEST - 118 THISTLE DOWN TOWARDS THISTLE DOWN VIA TANDRIDGE,1,118,600973
EAST - 118 THISTLE DOWN TOWARDS WILSON STATION VIA TANDRIDGE,0,118,600970
EAST - 118 THISTLE DOWN TOWARDS WILSON STATION,0,118,600971
WEST - 118 THISTLE DOWN TOWARDS THISTLE DOWN,1,118,600972
WEST - 119 TORBARRIE TOWARDS TORBARRIE AND CLAYSON,1,119,600977
EAST - 119 TORBARRIE TOWARDS WILSON STN,0,119,600975
WEST - 119 TORBARRIE TOWARDS TORBARRIE AND CLAYSON,1,119,600976
EAST - 119 TORBARRIE TOWARDS WILSON STN,0,119,600974
EAST - 120S CALVINGTON SHORT TURN,0,120,600999
EAST - 120 CALVINGTON TOWARDS WILSON STATION VIA DE HAVILLAND,0,120,600998
EAST - 120 CALVINGTON TOWARDS WILSON STATION VIA DE HAVILLAND,0,120,600997
WEST - 120 CALVINGTON TOWARDS SHEPPARD/JANE VIA DE HAVILLAND,1,120,601000
EAST - 121C FORT YORK-ESPLANADE TOWARDS CHERRY BEACH VIA UNION STN AND DISTILLERY,0,121,606109
WEST - 121A FORT YORK-ESPLANADE TOWARDS FORT YORK VIA DISTILLERY AND UNION STN,1,121,606110
EAST - 122 GRAYDON HALL TOWARDS ROYWOOD VIA LESMILL,0,122,601004
WEST - 122 GRAYDON HALL TOWARDS YORK MILLS STATION ,1,122,601007
WEST - 122 GRAYDON HALL TOWARDS YORK MILLS STATION ,1,122,601008
EAST - 122 GRAYDON HALL TOWARDS YORK MILLS STATION ,0,122,601006
EAST - 122 GRAYDON HALL TOWARDS ROYWOOD VIA LESMILL,0,122,601005
WEST - 122 GRAYDON HALL TOWARDS YORK MILLS STATION ,1,122,601009
SOUTH - 123 SHORNCLIFFE TOWARDS LONG BRANCH,0,123,601015
SOUTH - 123D SHORNCLIFFE TOWARDS SHERWAY VIA EAST MALL,0,123,601013
SOUTH - 123C SHORNCLIFFE TOWARDS LONG BRANCH VIA NORTH QUEEN AND SHERWAY,0,123,601012
SOUTH - 123B SHORNCLIFFE TOWARDS LONG BRANCH VIA EAST MALL AND SHERWAY,0,123,601011
NORTH - 123C SHORNCLIFFE TOWARDS KIPLING STATION VIA NORTH QUEEN ,1,123,601018
NORTH - 123D SHORNCLIFFE TOWARDS KIPLING STATION VIA EAST MALL,1,123,601019
NORTH - 123 SHORNCLIFFE TOWARDS KIPLING STATION VIA EAST MALL ,1,123,601020
NORTH - 123B SHORNCLIFFE TOWARDS KIPLING STATION VIA SHERWAY AND EAST MALL,1,123,601017
EAST - 124 SUNNYBROOK TOWARDS SUNNYBROOK HOSPITAL ,0,124,601021
WEST - 124 SUNNYBROOK TOWARDS LAWRENCE STATION,1,124,601022
WEST - 124 SUNNYBROOK TOWARDS LAWRENCE STATION,1,124,601023
WEST - 125 DREWRY TOWARDS BATHURST (TORRESDALE) ,1,125,601027
WEST - 125 DREWRY TOWARDS BATHURST (TORRESDALE) ,1,125,601026
EAST - 125 DREWRY TOWARDS FINCH STATION,0,125,601024
EAST - 125S DREWRY SHORT TURN BATHURST,0,125,601025
NORTH - 126 CHRISTIE TOWARDS ST CLAIR WEST STATION,1,126,601029
SOUTH - 126 CHRISTIE TOWARDS CHRISTIE STATION,0,126,601028
EAST - 127 DAVENPORT TOWARDS SPADINA STATION,0,127,601030
WEST - 127 DAVENPORT TOWARDS ST CLAIR & OLD WESTON RD,1,127,601031
NORTH - 129B MCCOWAN NORTH TOWARDS STEELES,1,129,601035
NORTH - 129A MCCOWAN NORTH TOWARDS MAJOR MACKENZIE EXTRA FARE REQUIRED NORTH OF STEELES ,1,129,601034
SOUTH - 129 MCCOWAN NORTH TOWARDS SCARBOROUGH CENTRE  EXTRA FARE REQUIRED NORTH OF STEELES ,0,129,601032
SOUTH - 129 MCCOWAN NORTH TOWARDS SCARBOROUGH CENTRE,0,129,601033
NORTH - 129B MCCOWAN NORTH TOWARDS STEELES,1,129,601036
SOUTH - 130A MIDDLEFIELD TOWARDS SCARBOROUGH CENTRE,0,130,601037
SOUTH - 130B MIDDLEFIELD TOWARDS SCARBOROUGH CENTRE VIA MAYBROOK,0,130,601038
NORTH - 130B MIDDLEFIELD TOWARDS STEELES VIA MAYBROOK,1,130,601040
NORTH - 130A MIDDLEFIELD TOWARDS STEELES,1,130,601039
EAST - 131E NUGGET EXPRESS TOWARDS OLD FINCH/MORNINGVIEW VIA SCARBOROUGH CENTRE,1,131,601050
EAST - 131A NUGGET TOWARDS OLD FINCH/MORNINGVIEW,1,131,601052
EAST - 131A NUGGET TOWARDS OLD FINCH/MORNINGVIEW,1,131,601048
EAST - 131E NUGGET EXPRESS TOWARDS OLD FINCH/MORNINGVIEW VIA SCARBOROUGH CENTRE,1,131,601049
EAST - 131A NUGGET TOWARDS OLD FINCH/MORNINGVIEW,1,131,601047
EAST - 131A NUGGET TOWARDS OLD FINCH/MORNINGVIEW,1,131,601051
WEST - 131A NUGGET TOWARDS SCARBOROUGH CENTRE,0,131,601042
WEST - 131A NUGGET TOWARDS SCARBOROUGH CENTRE,0,131,601041
WEST - 131E NUGGET EXPRESS TOWARDS SCARBOROUGH CENTRE AND KENNEDY STATION,0,131,601043
WEST - 131S NUGGET SHORT TURN,0,131,601046
WEST - 131E NUGGET EXPRESS TOWARDS SCARBOROUGH CENTRE AND KENNEDY STATION,0,131,601044
WEST - 131S NUGGETSHORT TURN,0,131,601045
WEST - 132 MILNER TOWARDS SCARBOROUGH CENTRE,0,132,601053
WEST - 132 MILNER TOWARDS MCLEVIN & HUPFIELD,0,132,601054
EAST - 132 MILNER TOWARDS SCARBOROUGH CENTRE,1,132,601056
EAST - 132 MILNER TOWARDS MCLEVIN & HUPFIELD,1,132,601055
SOUTH - 133 NEILSON TOWARDS SCARBOROUGH CENTRE VIA CENTENARY,0,133,601057
SOUTH - 133 NEILSON TOWARDS SCARBOROUGH CENTRE VIA CENTENARY,0,133,601059
NORTH - 133 NEILSON TOWARDS MORNINGSIDE HEIGHTS VIA CENTENARY ,1,133,601061
NORTH - 133 NEILSON TOWARDS MORNINGSIDE HEIGHTS VIA CENTENARY ,1,133,601060
NORTH - 133 NEILSON TOWARDS MORNINGSIDE HEIGHTS,1,133,601062
SOUTH - 133 NEILSON TOWARDS SCARBOROUGH CENTRE,0,133,601058
NORTH - 134B PROGRESS TOWARDS MCNICOLL VIA TAPSCOTT,1,134,601070
NORTH - 134A PROGRESS TOWARDS FINCH VIA TAPSCOTT,1,134,601069
NORTH - 134A PROGRESS TOWARDS FINCH VIA TAPSCOTT,1,134,601068
NORTH - 134C PROGRESS TOWARDS CENTENNIAL COLLEGE,1,134,601071
NORTH - 134B PROGRESS TOWARDS MCNICOLL VIA TAPSCOTT,1,134,601073
SOUTH - 134 PROGRESS TOWARDS SCARBOROUGH CENTRE,0,134,601065
SOUTH - 134 PROGRESS TOWARDS SCARBOROUGH CENTRE,0,134,601067
SOUTH - 134 PROGRESS TOWARDS SCARBOROUGH CENTRE,0,134,601064
SOUTH - 134 PROGRESS TOWARDS SCARBOROUGH CENTRE,0,134,601066
EAST - 135 GERRARD TOWARDS WARDEN STATION,0,135,601074
WEST - 135 GERRARD TOWARDS MAIN STREET STATION,1,135,601075
NORTH - 141 MT PLEASANT EXPRESS TOWARDS EGLINTON - EXTRA FARE REQUIRED,1,141,601081
NORTH - 141 MT PLEASANT EXPRESS TOWARDS EGLINTON - EXTRA FARE REQUIRED,1,141,601082
SOUTH - 141 DOWNTOWN EXPRESS - EXTRA FARE REQUIRED,0,141,601080
SOUTH - 141 DOWNTOWN EXPRESS - EXTRA FARE REQUIRED,0,141,601079
NORTH - 141 DOWNTOWN EXPRESS - EXTRA FARE REQUIRED,1,141,601083
SOUTH - 142 DOWNTOWN EXPRESS - EXTRA FARE REQUIRED,0,142,601084
SOUTH - 142 AVENUE RD EXPRESS TOWARDS HIGHWAY 401 - EXTRA FARE REQUIRED,0,142,601085
NORTH - 142 AVENUE RD EXPRESS TOWARDS HIGHWAY 401 - EXTRA FARE REQUIRED,1,142,601086
EAST - 143 BEACH EXPRESS TOWARDS NEVILLE PARK - EXTRA FARE REQUIRED,0,143,601087
WEST - 143 DOWNTOWN EXPRESS - EXTRA FARE REQUIRED,1,143,601089
WEST - 143 BEACH EXPRESS TOWARDS NEVILLE PARK - EXTRA FARE REQUIRED,1,143,601091
SOUTH - 144 DOWNTOWN EXPRESS - EXTRA FARE REQUIRED,0,144,601094
SOUTH - 144 DOWNTOWN EXPRESS - EXTRA FARE REQUIRED,0,144,601093
NORTH - 144S DON VALLEY EXPRESS SHORT TURN,1,144,601100
SOUTH - 144 DOWNTOWN EXPRESS - EXTRA FARE REQUIRED,0,144,601092
NORTH - 144 DOWNTOWN EXPRESS - EXTRA FARE REQUIRED,1,144,601097
NORTH - 144B DON VALLEY EXPRESS TOWARDS WYNFORD - EXTRA FARE REQUIRED,1,144,601098
NORTH - 144 DON VALLEY EXPRESS TOWARDS WYNFORD AND YORK MILLS - EXTRA FARE REQUIRED,1,144,601096
SOUTH - 144 DOWNTOWN EXPRESS - EXTRA FARE REQUIRED,0,144,601095
WEST - 145B HUMBER BAY EXPRESS TOWARDS KIPLING - EXTRA FARE REQUIRED,1,145,601108
WEST - 145S HUMBER BAY EXPRESS SHORT TURN - EXTRA FARE REQUIRED,1,145,601106
WEST - 145S HUMBER BAY EXPRESS SHORT TURN - EXTRA FARE REQUIRED,1,145,611301
WEST - 145A HUMBER BAY EXPRESS TOWARDS PARK LAWN - EXTRA FARE REQUIRED,1,145,601105
EAST - 145 DOWNTOWN EXPRESS - EXTRA FARE REQUIRED,0,145,601102
EAST - 145 DOWNTOWN EXPRESS - EXTRA FARE REQUIRED,0,145,611297
EAST - 145 DOWNTOWN EXPRESS - EXTRA FARE REQUIRED,0,145,611296
EAST - 145 DOWNTOWN EXPRESS - EXTRA FARE REQUIRED,0,145,611300
EAST - 145 DOWNTOWN EXPRESS - EXTRA FARE REQUIRED,0,145,611299
EAST - 145 DOWNTOWN EXPRESS - EXTRA FARE REQUIRED,0,145,611298
EAST - 145 DOWNTOWN EXPRESS - EXTRA FARE REQUIRED,0,145,601104
NORTH - 160 BATHURST NORTH TOWARDS CENTRE STREET EXTRA FARE REQUIRED NORTH OF STEELES,1,160,601125
NORTH - 160 BATHURST NORTH TOWARDS CENTRE STREET EXTRA FARE REQUIRED NORTH OF STEELES,1,160,601122
NORTH - 160 BATHURST NORTH TOWARDS CENTRE STREET EXTRA FARE REQUIRED NORTH OF STEELES,1,160,601119
SOUTH - 160 BATHURST NORTH TOWARDS WILSON STATION EXTRA FARE REQUIRED NORTH OF STEELES,0,160,601116
EAST - 161 ROGERS RD TOWARDS OSSINGTON STATION,0,161,601126
EAST - 161 ROGERS RD TOWARDS JANE,0,161,601127
WEST - 161 ROGERS RD TOWARDS JANE,1,161,601128
EAST - 162 LAWRENCE-DONWAY TOWARDS DON MILLS,0,162,601130
EAST - 162 LAWRENCE-DONWAY TOWARDS DON MILLS,0,162,601129
WEST - 162 LAWRENCE-DONWAY TOWARDS LAWRENCE STATION,1,162,601131
WEST - 165F WESTON RD NORTH TOWARDS CANADA DR EXTRA FARE REQUIRED NORTH OF STEELES,1,165,601167
WEST - 165D WESTON RD NORTH TOWARDS MAJOR MACKENZIE AND HIGHWAY 400 EXTRA FARE NORTH OF STEELES,1,165,601159
WEST - 165A WESTON RD NORTH TOWARDS STEELES,1,165,601168
WEST - 165F WESTON RD NORTH TOWARDS CANADA DR EXTRA FARE REQUIRED NORTH OF STEELES,1,165,601161
WEST - 165F WESTON RD NORTH TOWARDS CANADA DR EXTRA FARE REQUIRED NORTH OF STEELES,1,165,601166
WEST - 165A WESTON RD NORTH TOWARDS STEELES,1,165,601163
WEST - 165A WESTON RD NORTH TOWARDS STEELES,1,165,601157
WEST - 165D WESTON RD NORTH TOWARDS MAJOR MACKENZIE AND HIGHWAY 400 EXTRA FARE NORTH OF STEELES,1,165,601171
WEST - 165A WESTON RD NORTH TOWARDS STEELES,1,165,601173
WEST - 165D WESTON RD NORTH TOWARDS MAJOR MACKENZIE AND HIGHWAY 400 EXTRA FARE NORTH OF STEELES,1,165,601174
WEST - 165F WESTON RD NORTH TOWARDS CANADA DR EXTRA FARE REQUIRED NORTH OF STEELES,1,165,601160
EAST - 165 WESTON RD NORTH TOWARDS YORK MILLS STATION,0,165,601134
EAST - 165 WESTON RD NORTH TOWARDS YORK MILLS STATION EXTRA FARE NORTH OF STEELES,0,165,601139
EAST - 165 WESTON RD NORTH TOWARDS YORK MILLS STATION,0,165,601154
EAST - 165 WESTON RD NORTH TOWARDS YORK MILLS STATION,0,165,601133
EAST - 165 WESTON RD NORTH TOWARDS YORK MILLS STATION EXTRA FARE NORTH OF STEELES,0,165,601143
EAST - 165 WESTON RD NORTH TOWARDS YORK MILLS STATION EXTRA FARE NORTH OF STEELES,0,165,601140
EAST - 165S WESTON RD NORTH SHORT TURN TOWARDS FINCH EXTRA FARE NORTH OF STEELES,0,165,601146
EAST - 165S WESTON RD NORTH SHORT TURN TOWARDS FINCH EXTRA FARE NORTH OF STEELES,0,165,601152
EAST - 165 WESTON RD NORTH TOWARDS YORK MILLS STATION EXTRA FARE NORTH OF STEELES,0,165,601142
EAST - 165 WESTON RD NORTH TOWARDS YORK MILLS STATION EXTRA FARE NORTH OF STEELES,0,165,601144
EAST - 165S WESTON RD NORTH SHORT TURN TOWARDS FINCH,0,165,601147
NORTH - 167A PHARMACY NORTH TOWARDS STEELES VIA CONSUMERS RD,1,167,601177
SOUTH - 167A PHARMACY NORTH TOWARDS DON MILLS STATION VIA CONSUMERS RD,0,167,601175
SOUTH - 167B PHARMACY NORTH TOWARDS DON MILLS STATION,0,167,601176
NORTH - 167B PHARMACY NORTH TOWARDS STEELES,1,167,601178
NORTH - 168 SYMINGTON TOWARDS ROGERS RD & WESTON RD,1,168,601180
SOUTH - 168 SYMINGTON TOWARDS DUNDAS WEST STATION,0,168,601179
EAST - 169B HUNTINGWOOD TOWARDS SCARBOROUGH CENTRE,0,169,601183
EAST - 169A HUNTINGWOOD TOWARDS SCARBOROUGH CENTRE VIA VAN HORNE,0,169,601182
WEST - 169B HUNTINGWOOD TOWARDS DON MILLS STATION,1,169,601186
WEST - 169B HUNTINGWOOD TOWARDS DON MILLS STATION,1,169,601185
WEST - 169A HUNTINGWOOD TOWARDS DON MILLS STATION VIA VAN HORNE ,1,169,601184
NORTH - 171 MOUNT DENNIS TOWARDS JANE,1,171,601200
SOUTH - 171 MOUNT DENNIS TOWARDS INDUSTRY ST,0,171,601199
SOUTH - 185 DON MILLS ROCKET TOWARDS PAPE STATION,0,185,601209
NORTH - 185 DON MILLS ROCKET TOWARDS STEELES,1,185,601210
EAST - 186 WILSON ROCKET TOWARDS YORK MILLS STATION,0,186,601211
WEST - 186 WILSON ROCKET TOWARDS HUMBER COLLEGE,1,186,601212
SOUTH - 188 KIPLING SOUTH ROCKET TOWARDS LAKE SHORE,0,188,601214
SOUTH - 188 KIPLING SOUTH ROCKET TOWARDS LAKE SHORE,0,188,601213
SOUTH - 188 KIPLING SOUTH ROCKET TOWARDS LAKE SHORE,0,188,601215
NORTH - 188 KIPLING SOUTH ROCKET TOWARDS KIPLING STATION,1,188,601219
NORTH - 188 KIPLING SOUTH ROCKET TOWARDS KIPLING STATION,1,188,601218
NORTH - 188 KIPLING SOUTH ROCKET TOWARDS KIPLING STATION,1,188,601220
EAST - 190 ROCKET TOWARDS SCARBOROUGH CENTRE,0,190,601223
WEST - 190 ROCKET TOWARDS DON MILLS STATION,1,190,601224
NORTH - 191A HIGHWAY 27 ROCKET TOWARDS KIPLING STATION,1,191,601237
NORTH - 191B HIGHWAY 27 ROCKET TOWARDS STEELES,1,191,601235
NORTH - 191B HIGHWAY 27 ROCKET TOWARDS STEELES,1,191,601233
NORTH - 191C HIGHWAY 27 ROCKET TOWARDS STEELES VIA ATTWELL,1,191,601234
SOUTH - 191A HIGHWAY 27 ROCKET TOWARDS KIPLING STATION,0,191,601228
SOUTH - 191B HIGHWAY 27 ROCKET TOWARDS STEELES,0,191,601230
SOUTH - 191C HIGHWAY 27 ROCKET TOWARDS KIPLING STATION VIA ATTWELL,0,191,601229
SOUTH - 191A HIGHWAY 27 ROCKET TOWARDS KIPLING STATION,0,191,601227
SOUTH - 191A HIGHWAY 27 ROCKET TOWARDS KIPLING STATION,0,191,601226
NORTH - 191A HIGHWAY 27 ROCKET TOWARDS KIPLING STATION,1,191,601236
NORTH - 192 ROCKET TOWARDS PEARSON AIRPORT,1,192,601241
SOUTH - 192 ROCKET TOWARDS KIPLING STATION,0,192,601238
SOUTH - 192 ROCKET TOWARDS KIPLING STATION,0,192,601239
SOUTH - 195 JANE ROCKET TOWARDS JANE STATION,0,195,601246
SOUTH - 195 JANE ROCKET TOWARDS JANE STATION,0,195,601245
NORTH - 195 JANE ROCKET TOWARDS YORK UNIVERSITY,1,195,601247
NORTH - 195 JANE ROCKET SHORT TURN TOWARDS FINCH,1,195,601248
WEST - 196 YORK UNIVERSITY ROCKET EXPRESS TOWARDS YORK UNIVERSITY ,1,196,601258
WEST - 196 YORK UNIVERSITY ROCKET EXPRESS TOWARDS YORK UNIVERSITY VIA DOWNSVIEW STATION,1,196,601261
WEST - 196S YORK UNIVERSITY ROCKET SHORT TURN,1,196,601263
WEST - 196 YORK UNIVERSITY ROCKET EXPRESS TOWARDS YORK UNIVERSITY VIA DOWNSVIEW STATION,1,196,601260
EAST - 196A YORK UNIVERSITY ROCKET EXPRESS TOWARDS DOWNSVIEW STATION,0,196,601251
EAST - 196B YORK UNIVERSITY ROCKET EXPRESS TOWARDS DOWNSVIEW STATION AND SHEPPARD-YONGE STATION,0,196,601254
EAST - 196A YORK UNIVERSITY ROCKET EXPRESS TOWARDS DOWNSVIEW STATION,0,196,601250
EAST - 196B YORK UNIVERSITY ROCKET EXPRESS TOWARDS DOWNSVIEW STATION AND SHEPPARD-YONGE STATION,0,196,601253
WEST - 196 YORK UNIVERSITY ROCKET EXPRESS TOWARDS YORK UNIVERSITY ,1,196,601257
EAST - 198 ROCKET TOWARDS U OF T SCARBOROUGH,0,198,601264
WEST - 198 ROCKET TOWARDS KENNEDY STATION,1,198,601266
WEST - 199A FINCH ROCKET TOWARDS FINCH STATION,1,199,601274
WEST - 199A FINCH ROCKET TOWARDS FINCH STATION,1,199,601272
WEST - 199B FINCH ROCKET TOWARDS YORK UNIVERSITY VIA FINCH STATION,1,199,601273
EAST - 199C FINCH ROCKET TOWARDS MORNINGSIDE HEIGHTS,0,199,601270
EAST - 199S FINCH ROCKET SHORT TURN TOWARDS MCCOWAN & FINCH,0,199,601271
EAST - 199A FINCH ROCKET TOWARDS SCARBOROUGH CENTRE STATION  VIA FINCH STATION,0,199,601269
EAST - 199A FINCH ROCKET TOWARDS SCARBOROUGH CENTRE STATION ,0,199,601268
WEST - 199B FINCH ROCKET TOWARDS YORK UNIVERSITY VIA FINCH STATION,1,199,601275
WEST - 300S BLOOR-DANFORTH BLUE NIGHT SHORT TURN TOWARDS KIPLING STATION,1,300,601774
WEST - 300B BLOOR-DANFORTH BLUE NIGHT TOWARDS WEST MALL,1,300,601781
WEST - 300B BLOOR-DANFORTH BLUE NIGHT TOWARDS WEST MALL VIA KIPLING STATION,1,300,601782
WEST - 300B BLOOR-DANFORTH BLUE NIGHT TOWARDS WEST MALL,1,300,611309
WEST - 300B BLOOR-DANFORTH BLUE NIGHT TOWARDS WEST MALL VIA KIPLING STATION,1,300,611310
WEST - 300 BLOOR-DANFORTH BLUE NIGHT TOWARDS WEST MALL VIA KIPLING STATION,1,300,601788
WEST - 300 BLOOR-DANFORTH BLUE NIGHT SHORT TURN TOWARDS JANE STATION,1,300,601789
WEST - 300S BLOOR-DANFORTH BLUE NIGHT SHORT TURN,1,300,601784
WEST - 300 BLOOR-DANFORTH BLUE NIGHT SHORT TURN TOWARDS JANE STATION,1,300,601785
WEST - 300S BLOOR-DANFORTH BLUE NIGHT SHORT TURN TOWARDS LANSDOWNE STATION,1,300,601780
WEST - 300K BLOOR-DANFORTH BLUE NIGHT TOWARDS KIPLING STATION,1,300,601778
WEST - 300S BLOOR-DANFORTH BLUE NIGHT SHORT TURN TOWARDS PAPE STATION,1,300,601787
WEST - 300A BLOOR-DANFORTH BLUE NIGHT TOWARDS PEARSON AIRPORT,1,300,601790
WEST - 300K BLOOR-DANFORTH BLUE NIGHT TOWARDS KIPLING STATION,1,300,601783
EAST - 300A BLOOR-DANFORTH BLUE NIGHT TOWARDS WARDEN,0,300,601748
EAST - 300B BLOOR-DANFORTH BLUE NIGHT TOWARDS KENNEDY STATION,0,300,611308
EAST - 300S BLOOR-DANFORTH BLUE NIGHT SHORT TURN TOWARDS COXWELL STATION,0,300,601761
EAST - 300S BLOOR-DANFORTH BLUE NIGHT SHORT TURN TOWARDS PAPE STATION,0,300,601764
EAST - 300S BLOOR-DANFORTH BLUE NIGHT SHORT TURN TOWARDS PAPE STATION,0,300,601762
EAST - 300A BLOOR-DANFORTH BLUE NIGHT TOWARDS WARDEN,0,300,601758
EAST - 300B BLOOR-DANFORTH BLUE NIGHT TOWARDS KENNEDY STATION,0,300,601751
EAST - 300A BLOOR-DANFORTH BLUE NIGHT TOWARDS WARDEN,0,300,601753
WEST - 300B BLOOR-DANFORTH BLUE NIGHT TOWARDS WEST MALL,1,300,601770
WEST - 300A BLOOR-DANFORTH BLUE NIGHT TOWARDS PEARSON AIRPORT,1,300,601768
EAST - 300B BLOOR-DANFORTH BLUE NIGHT TOWARDS KENNEDY STATION,0,300,601752
WEST - 301 QUEEN BLUE NIGHT TOWARDS LONG BRANCH,1,301,601798
WEST - 501 QUEEN TOWARDS RONCESVALLES,1,301,601802
WEST - 501 QUEEN TOWARDS GREENWOOD/CONNAUGHT,1,301,601801
WEST - 301 QUEEN BLUE NIGHT TOWARDS HUMBER,1,301,601799
EAST - 501 QUEEN  TOWARDS GREENWOOD/CONNAUGHT,0,301,601794
WEST - 301 QUEEN BLUE NIGHT REPLACEMENT BUS TOWARDS SHAW,1,301,601800
EAST - 301 QUEEN BLUE NIGHT TOWARDS RONCESVALLES,0,301,601797
EAST - 301 QUEEN BLUE NIGHT  TOWARDS RONCESVALLES,0,301,601795
EAST - 301 QUEEN BLUE NIGHT REPLACEMENT BUS TOWARDS SPADINA,0,301,601793
EAST - 301 QUEEN BLUE NIGHT  TOWARDS NEVILLE PARK,0,301,601792
EAST - 301 QUEEN BLUE NIGHT  TOWARDS NEVILLE PARK,0,301,601791
EAST - 501 QUEEN TOWARDS GREENWOOD/CONNAUGHT,0,301,601796
SOUTH - 302 KINGSTON-MCCOWAN BLUE NIGHT TOWARDS BINGHAM LOOP,0,302,601803
NORTH - 302 KINGSTON-MCCOWAN BLUE NIGHT TOWARDS STEELES,1,302,601804
EAST - 304 KING BLUE NIGHT TOWARDS BROADVIEW STATION,0,304,601805
EAST - 304 KING BLUE NIGHT SHORT TURN,0,304,601806
WEST - 304 KING BLUE NIGHT TOWARDS DUNDAS WEST STATION,1,304,601807
WEST - 304 KING BLUE NIGHT SHORT TURN,1,304,601808
WEST - 306 CARLTON BLUE NIGHT REPLACEMENT BUS TOWARDS DUNDAS WEST STATION,1,306,601816
EAST - 306 CARLTON BLUE NIGHT REPLACEMENT BUS TOWARDS MAIN STREET STATION,0,306,601811
SOUTH - 310 BATHURST BLUE NIGHT TOWARDS EXHIBITION,0,310,601823
SOUTH - 310S BATHURST BLUE NIGHT SHORT TURN ,0,310,601824
NORTH - 310 BATHURST BLUE NIGHT TOWARDS STEELES,1,310,601825
EAST - 312 ST CLAIR-JUNCTION BLUE NIGHT TOWARDS ST CLAIR STATION,0,312,601828
WEST - 312 ST CLAIR-JUNCTION BLUE NIGHT TOWARDS DUNDAS WEST STATION,1,312,601831
EAST - 315 EVANS-BROWN'S LINE BLUE NIGHT TOWARDS ROYAL YORK STATION,0,315,601833
WEST - 315 EVANS-BROWN'S LINE BLUE NIGHT TOWARDS LONG BRANCH VIA SHERWAY,1,315,601834
SOUTH - 317 SPADINA BLUE NIGHT TOWARDS UNION STATION,0,317,601835
SOUTH - 317 SPADINA BLUE NIGHT TOWARDS KING,0,317,601836
NORTH - 317 SPADINA BLUE NIGHT TOWARDS SPADINA STATION,1,317,601837
NORTH - 317 SPADINA BLUE NIGHT TOWARDS QUEENS QUAY AND SPADINA,1,317,601838
NORTH - 320S YONGE BLUE NIGHT SHORT TURN TOWARDS DAVISVILLE STATION,1,320,601873
SOUTH - 320 YONGE BLUE NIGHT TOWARDS QUEENS QUAY ,0,320,601863
SOUTH - 320 YONGE BLUE NIGHT TOWARDS QUEENS QUAY ,0,320,601864
SOUTH - 320 YONGE BLUE NIGHT TOWARDS QUEENS QUAY ,0,320,601868
NORTH - 320A YONGE BLUE NIGHT TOWARDS YORK MILLS STATION,1,320,601877
NORTH - 320 YONGE BLUE NIGHT TOWARDS STEELES,1,320,601869
NORTH - 320S YONGE BLUE NIGHT SHORT TURN TOWARDS EGLINTON STATION,1,320,601875
NORTH - 320 YONGE BLUE NIGHT TOWARDS STEELES VIA FINCH STATION,1,320,601870
NORTH - 320S YONGE BLUE NIGHT SHORT TURN TOWARDS EGLINTON STATION,1,320,601874
NORTH - 320 YONGE BLUE NIGHT TOWARDS STEELES,1,320,601872
NORTH - 322 COXWELL BLUE NIGHT TOWARDS BROADVIEW STATION ,1,322,601883
SOUTH - 322 COXWELL BLUE NIGHT TOWARDS VICTORIA PARK VIA KINGSTON RD,0,322,601878
SOUTH - 322S COXWELL BLUE NIGHT TOWARDS WARDEN VIA VICTORIA PARK AND DANFORTH,0,322,601879
SOUTH - 322S COXWELL BLUE NIGHT SHORT TURN TOWARDS DANFORTH,0,322,601881
NORTH - 322S COXWELL BLUE NIGHT SHORT TURN TOWARDS DANFORTH,1,322,601886
NORTH - 324 VICTORIA PARK BLUE NIGHT TOWARDS STEELES VIA SHEPPARD AND WARDEN,1,324,601890
NORTH - 324 VICTORIA PARK BLUE NIGHT TOWARDS STEELES VIA SHEPPARD AND WARDEN,1,324,601889
SOUTH - 324 VICTORIA PARK BLUE NIGHT TOWARDS KINGSTON RD,0,324,601887
SOUTH - 325S DON MILLS BLUE NIGHT SHORT TURN TOWARDS DANFORTH,0,325,601894
SOUTH - 325 DON MILLS BLUE NIGHT TOWARDS EASTERN,0,325,601893
NORTH - 325 DON MILLS BLUE NIGHT TOWARDS STEELES,1,325,601897
NORTH - 325S DON MILLS BLUE NIGHT SHORT TURN TOWARDS DANFORTH,1,325,601898
SOUTH - 329 DUFFERIN BLUE NIGHT TOWARDS EXHIBITION,0,329,601899
NORTH - 329 DUFFERIN BLUE NIGHT TOWARDS STEELES,1,329,601907
NORTH - 329 DUFFERIN BLUE NIGHT TOWARDS STEELES,1,329,601904
NORTH - 329 DUFFERIN BLUE NIGHT TOWARDS WILSON STATION ,1,329,601906
EAST - 332 EGLINTON WEST BLUE NIGHT TOWARDS EGLINTON STATION,0,332,601913
WEST - 332 EGLINTON WEST BLUE NIGHT TOWARDS RENFORTH AND PEARSON AIRPORT,1,332,601916
EAST - 332 EGLINTON WEST BLUE NIGHT TOWARDS EGLINTON STATION,0,332,601915
WEST - 334S EGLINTON EAST BLUE NIGHT SHORT TURN,1,334,601928
WEST - 334 EGLINTON EAST BLUE NIGHT TOWARDS EGLINTON STATION,1,334,601926
EAST - 334 EGLINTON EAST BLUE NIGHT TOWARDS FINCH AND NEILSON VIA KINGSTON RD AND MORNINGSIDE,0,334,601920
WEST - 334 EGLINTON EAST BLUE NIGHT TOWARDS EGLINTON STATION,1,334,601927
WEST - 334 EGLINTON EAST BLUE NIGHT TOWARDS EGLINTON STATION,0,334,601923
EAST - 334 EGLINTON EAST BLUE NIGHT TOWARDS FINCH AND NEILSON VIA KINGSTON RD AND MORNINGSIDE,0,334,601921
SOUTH - 335 JANE BLUE NIGHT TOWARDS JANE STATION,0,335,601929
NORTH - 335 JANE BLUE NIGHT TOWARDS YORK UNIVERSITY,1,335,601930
EAST - 336 FINCH WEST BLUE NIGHT TOWARDS FINCH STATION,0,336,601932
EAST - 336 FINCH WEST BLUE NIGHT TOWARDS FINCH STATION,0,336,601931
WEST - 336 FINCH WEST BLUE NIGHT TOWARDS WOODBINE RACE TRACK ,1,336,601933
SOUTH - 37 ISLINGTON TOWARDS ISLINGTON STATION,0,337,601935
SOUTH - 337 ISLINGTON BLUE NIGHT TOWARDS LAKE SHORE,0,337,601934
NORTH - 337 ISLINGTON BLUE NIGHT TOWARDS STEELES,1,337,601936
NORTH - 337 ISLINGTON BLUE NIGHT TOWARDS STEELES,1,337,601937
WEST - 339S FINCH EAST BLUE NIGHT SHORT TURN,1,339,601943
WEST - 339 FINCH EAST BLUE NIGHT TOWARDS FINCH STATION,1,339,601942
WEST - 339 FINCH EAST BLUE NIGHT TOWARDS FINCH STATION,1,339,601941
EAST - 339 FINCH EAST BLUE NIGHT TOWARDS MARKHAM RD,0,339,601940
EAST - 339 FINCH EAST BLUE NIGHT TOWARDS MARKHAM RD,0,339,601939
SOUTH - 341 KEELE BLUE NIGHT TOWARDS KEELE STATION,0,341,601951
NORTH - 341 KEELE BLUE NIGHT TOWARDS YORK UNIVERSITY AND STEELES,1,341,601952
NORTH - 343 KENNEDY BLUE NIGHT TOWARDS STEELES,1,343,601955
SOUTH - 343 KENNEDY BLUE NIGHT SHORT TURN,0,343,601954
NORTH - 343 KENNEDY BLUE NIGHT TOWARDS STEELES,1,343,611307
SOUTH - 343 KENNEDY BLUE NIGHT TOWARDS KENNEDY STATION,0,343,611306
SOUTH - 343 KENNEDY BLUE NIGHT TOWARDS KENNEDY STATION,0,343,601953
EAST - 352 LAWRENCE WEST BLUE NIGHT TOWARDS SUNNYBROOK HOSPITAL,0,352,601993
EAST - 352 LAWRENCE WEST BLUE NIGHT TOWARDS SUNNYBROOK HOSPITAL,0,352,601991
WEST - 352 LAWRENCE WEST BLUE NIGHT TOWARDS PEARSON AIRPORT,1,352,601994
WEST - 352S LAWRENCE WEST BLUE NIGHT SHORT TURN,1,352,601996
WEST - 352S LAWRENCE WEST BLUE NIGHT SHORT TURN TOWARDS LAWRENCE STATION,1,352,601997
EAST - 353 STEELES EAST BLUE NIGHT TOWARDS STAINES,0,353,602000
WEST - 353 STEELES EAST BLUE NIGHT TOWARDS YORK UNIVERSITY,1,353,602004
EAST - 354 LAWRENCE EAST BLUE NIGHT TOWARDS STARSPRAY BLVD,0,354,602007
WEST - 354 LAWRENCE EAST BLUE NIGHT TOWARDS EGLINTON STATION,1,354,602009
WEST - 354 LAWRENCE EAST BLUE NIGHT TOWARDS EGLINTON STATION,1,354,602010
WEST - 354 LAWRENCE EAST BLUE NIGHT TOWARDS EGLINTON STATION,1,354,602011
SOUTH - 363S OSSINGTON BLUE NIGHT SHORT TURN,0,363,602038
SOUTH - 363 OSSINGTON BLUE NIGHT TOWARDS EXHIBITION,0,363,602037
NORTH - 363 OSSINGTON BLUE NIGHT TOWARDS EGLINTON WEST STATION,1,363,602041
NORTH - 363 OSSINGTON BLUE NIGHT TOWARDS EGLINTON WEST STATION,1,363,602039
NORTH - 365 PARLIAMENT BLUE NIGHT TOWARDS CASTLE FRANK STATION,1,365,602043
SOUTH - 365 PARLIAMENT BLUE NIGHT TOWARDS ESPLANADE,0,365,602042
WEST - 384 SHEPPARD WEST BLUE NIGHT TOWARDS WESTON RD,1,384,602062
EAST - 384S SHEPPARD WEST BLUE NIGHT SHORT TURN,0,384,602061
EAST - 384 SHEPPARD WEST BLUE NIGHT TOWARDS SHEPPARD-YONGE STATION,0,384,602059
WEST - 385 SHEPPARD EAST BLUE NIGHT TOWARDS SHEPPARD-YONGE STATION,1,385,602066
EAST - 385 SHEPPARD EAST BLUE NIGHT TOWARDS MEADOWVALE,0,385,602065
EAST - 395 YORK MILLS BLUE NIGHT TOWARDS MEADOWVALE AND SHEPPARD,0,395,602082
WEST - 395 YORK MILLS BLUE NIGHT TOWARDS YORK MILLS STATION,1,395,602086
WEST - 396 WILSON BLUE NIGHT TOWARDS MARTIN GROVE AND STEELES,1,396,602093
WEST - 396 WILSON BLUE NIGHT TOWARDS MARTIN GROVE AND STEELES,1,396,602092
EAST - 396 WILSON BLUE NIGHT TOWARDS YORK MILLS STATION,0,396,602090
EAST - 396 WILSON BLUE NIGHT TOWARDS YORK MILLS STATION,0,396,602091
WEST - 501 QUEEN TOWARDS LONG BRANCH,1,501,602202
WEST - 501 QUEEN TOWARDS HUMBER ,1,501,602207
WEST - 501 QUEEN TOWARDS GREENWOOD AND CONNAUGHT,1,501,602209
WEST - 501 QUEEN TOWARDS RONCESVALLES,1,501,602206
WEST - 501 QUEEN TOWARDS LONG BRANCH,1,501,602208
WEST - 501 QUEEN TOWARDS LONG BRANCH,1,501,602205
WEST - 501 QUEEN REPLACEMENT BUS TOWARDS SHAW,1,501,602204
WEST - 501 QUEEN TOWARDS HUMBER ,1,501,602203
WEST - 501 QUEEN TOWARDS HUMBER ,1,501,602211
WEST - 501 QUEEN TOWARDS LONG BRANCH,1,501,602212
EAST - 501 QUEEN TOWARDS NEVILLE PARK ,0,501,602189
EAST - 501 QUEEN TOWARDS RONCESVALLES ,0,501,602200
EAST - 501 QUEEN TOWARDS GREENWOOD AND CONNAUGHT,0,501,602197
EAST - 501 QUEEN TOWARDS RONCESVALLES ,0,501,602198
EAST - 501 QUEEN TOWARDS BROADVIEW,0,501,602194
EAST - 501 QUEEN TOWARDS HUMBER,0,501,602195
EAST - 501 QUEEN REPLACEMENT BUS TOWARDS SPADINA,0,501,602193
EAST - 501 QUEEN TOWARDS NEVILLE PARK ,0,501,602190
EAST - 501 QUEEN TOWARDS NEVILLE PARK ,0,501,602196
EAST - 501 QUEEN TOWARDS GREENWOOD AND CONNAUGHT,0,501,602199
WEST - 502 DOWNTOWNER TOWARDS GREENWOOD/CONNAUGHT,1,502,602220
EAST - 502 DOWNTOWNER TOWARDS VICTORIA PARK ,0,502,602215
EAST - 502 DOWNTOWNER TOWARDS VICTORIA PARK ,0,502,602213
WEST - 502 DOWNTOWNER TOWARDS MCCAUL ,1,502,602218
WEST - 503 KINGSTON RD TOWARDS GREENWOOD/CONNAUGHT ,1,503,602232
EAST - 503 KINGSTON RD TOWARDS VICTORIA PARK ,0,503,602223
WEST - 503 KINGSTON RD TOWARDS YORK VIA KING ,1,503,602230
EAST - 503 KINGSTON RD TOWARDS VICTORIA PARK ,0,503,602227
WEST - 504 KING TOWARDS BROADVIEW,1,504,602257
WEST - 504 KING TOWARDS DUNDAS WEST STATION VIA KING ,1,504,602251
WEST - 504 KING TOWARDS DUNDAS WEST STATION VIA KING ,1,504,602246
WEST - 504 KING TOWARDS DUNDAS WEST STATION VIA KING,1,504,602258
EAST - 504  KING TOWARDS RONCESVALLES AND QUEEN,0,504,602244
WEST - 504 KING TOWARDS RONCESVALLES AND QUEEN,1,504,602253
EAST - 504 KING TOWARDS BROADVIEW STATION VIA KING,0,504,602236
EAST - 504 KING TOWARDS BROADVIEW STATION VIA KING,0,504,602237
EAST - 504 KING TOWARDS BROADVIEW STATION VIA KING,0,504,602242
EAST - 504 KING TOWARDS BROADVIEW,0,504,602245
EAST - 505 DUNDAS TOWARDS BROADVIEW STATION VIA DUNDAS  ,0,505,602260
EAST - 505 DUNDAS TOWARDS RONCESVALLES AND QUEEN ,0,505,602266
WEST - 505 DUNDAS TOWARDS DUNDAS WEST STATION VIA DUNDAS ,1,505,602273
WEST - 505 DUNDAS TOWARDS DUNDAS WEST STATION VIA DUNDAS ,1,505,602267
WEST - 505 DUNDAS TOWARDS DUNDAS WEST STATION VIA DUNDAS ,1,505,602270
EAST - 505 DUNDAS TOWARDS BROADVIEW STATION VIA DUNDAS  ,0,505,602259
WEST - 506 CARLTON REPLACEMENT BUS TOWARDS HIGH PARK AND KEELE STN,1,506,602288
WEST - 506 CARLTON TOWARDS COXWELL AND QUEEN,1,506,602296
WEST - 506 CARLTON TOWARDS MCCAUL,1,506,602290
WEST - 506 CARLTON TOWARDS MCCAUL,1,506,602294
EAST - 506 CARLTON TOWARDS MAIN STREET STATION ,0,506,602278
EAST - 506 CARLTON TOWARDS MAIN STREET STATION ,0,506,602282
EAST - 506 CARLTON REPLACEMENT BUS TOWARDS MAIN STREET STATION ,0,506,602276
WEST - 506 CARLTON TOWARDS MCCAUL,1,506,602291
EAST - 506 CARLTON TOWARDS MAIN STREET STATION ,0,506,602281
509 HARBOURFRONT TOWARDS LAKE SHORE AND BATHURST,0,509,611314
509 HARBOURFRONT TOWARDS UNION STATION ,0,509,611312
509 HARBOURFRONT TOWARDS EXHIBITION,1,509,611318
509 HARBOURFRONT TOWARDS EXHIBITION,1,509,611320
SOUTH - 510A SPADINA TOWARDS UNION STATION,0,510,602331
SOUTH - 510B SPADINA TOWARDS QUEENS QUAY,0,510,602332
SOUTH - 510C SPADINA TOWARDS KING,0,510,602334
NORTH - 510 SPADINA TOWARDS SPADINA STATION,1,510,602343
NORTH - 510 SPADINA TOWARDS SPADINA STATION,1,510,602339
NORTH - 510 SPADINA TOWARDS SPADINA STATION,1,510,602340
NORTH - 510 SPADINA TOWARDS QUEEN,1,510,602345
SOUTH - 510A SPADINA TOWARDS UNION STATION,0,510,602338
SOUTH - 511 BATHURST TOWARDS EXHIBITION ,0,511,611323
SOUTH - 511 BATHURST TOWARDS EXHIBITION ,0,511,611329
SOUTH - 511 BATHURST TOWARDS RONCESVALLES ,0,511,611327
NORTH - 511 BATHURST TOWARDS BATHURST STATION ,1,511,611334
NORTH - 511 BATHURST TOWARDS RONCESVALLES ,1,511,611335
NORTH - 511 BATHURST TOWARDS BATHURST STATION ,1,511,611330
WEST - 512 ST CLAIR REPLACEMENT BUS TOWARDS KEELE,1,512,602376
EAST - 512 ST CLAIR REPLACEMENT BUS TOWARDS ST CLAIR STATION,0,512,602366
EAST - 514 CHERRY TOWARDS DISTILLERY VIA KING,0,514,606107
WEST - 514 CHERRY TOWARDS EXHIBITION (DUFFERIN GATE) VIA KING,1,514,606108
